,,,,                                                                                                                                                                                                                                                                                    ,,,,,,,,,,位置,藥品名稱,CAS NO.,廠商,數量,藥品型態,包裝容量,,,,,,,,,,,,,,,,,,,,,
英,中,圖,張數,類別,字母,序號,GHS(有打勾),有無危害人體標示,,ghs,GHS(五月),1月清點,8月清點,,,,,,,,,,,,,,,,,,,,,,,,,,,,
FALSE,TRUE,FALSE,,有,A,1,TRUE,TRUE,FALSE,FALSE,TRUE,FALSE,TRUE,有機,2-Aminobiphenyl,90-41-5,ACROS,1,S,25g,,,,,,,,,,,,,,,,,,,,,
FALSE,FALSE,FALSE,,有,A,２,TRUE,TRUE,FALSE,FALSE,TRUE,TRUE,FALSE,有機,Anthraquinone,84-65-1,ACROS,1,S,250g,,,,,,,,,,,,,,,,,,,,,
FALSE,FALSE,FALSE,,有,A,３,TRUE,TRUE,FALSE,TRUE,TRUE,TRUE,TRUE,有機,3-Aminopyridine,462-08-8,ACROS,1,S,25g,,,,,,,,,,,,,,,,,,,,,
FALSE,FALSE,FALSE,,有,A,4,TRUE,TRUE,FALSE,FALSE,TRUE,TRUE,TRUE,有機,4-Aminophenol,123-30-8,ACROS,3,S,250g,,,,,,,,,,,,,,,,,,,,,
FALSE,FALSE,FALSE,,有,A,5,TRUE,TRUE,FALSE,TRUE,TRUE,TRUE,TRUE,有機,"1,4-Anthraquinone",635-12-1,Alfa Aesar,1,S,5g,,,,,,,,,,,,,,,,,,,,,
FALSE,FALSE,FALSE,,有,A,6,FALSE,FALSE,FALSE,TRUE,TRUE,TRUE,TRUE,冰箱,4-Aminobenzotrifiuoride,455-14-1,combi-blocks,1,L,25g,,,,,,,,,,,,,,,,,,,,,
FALSE,FALSE,FALSE,,有,A,8,FALSE,FALSE,FALSE,FALSE,FALSE,TRUE,FALSE,有機,Acetone(試藥級 GC),67-64-1,友和20L/分裝4L,1+1,L,20L/4L,,,,,,,,,,,,,,,,,,,,,
FALSE,FALSE,FALSE,,有,A,7,FALSE,FALSE,FALSE,TRUE,FALSE,TRUE,FALSE,冰箱,"AIBN---2,2'-Azobisisobutyronitrtile",78-67-1,UR UnlRegion,1,S,500g,,,,,,,,,,,,,,,,,,,,,
FALSE,FALSE,FALSE,,有,A,8,TRUE,TRUE,FALSE,TRUE,FALSE,TRUE,TRUE,有機,Aniline,62-53-3,sample,1,L,250ml,,,,,,,,,,,,,,,,,,,,,NO GHS
FALSE,FALSE,FALSE,,有,A,9,TRUE,TRUE,FALSE,TRUE,FALSE,TRUE,TRUE,Hood4,Allyl alcohol,107-18-6,showa,1,L,1000ml,,,,,,,,,,,,,,,,,,,,,NO GHS
FALSE,FALSE,FALSE,,有,A,10,TRUE,TRUE,FALSE,TRUE,FALSE,TRUE,TRUE,防潮箱,4-Aminopyridine,504-24-5,thermo scientific,1,S,50g,,,,,,,,,,,,,,,,,,,,,NO GHS
,,,,,,,FALSE,FALSE,FALSE,,,,,,,,,,,,,,,,,,,,,,,,,,,,,,,,
FALSE,FALSE,FALSE,,有,B,1,TRUE,TRUE,FALSE,TRUE,TRUE,TRUE,TRUE,有機,1-Bromo-4-nitrobenzene,586-78-7,ACROS,4,S,25g,,,,,,,,,,,,,,,,,,,,,
FALSE,FALSE,FALSE,,有,B,2,TRUE,TRUE,FALSE,TRUE,TRUE,TRUE,TRUE,有機,4-Bromobenzophenone,90-90-4,ACROS,1,S,100g,快沒了,,,,,,,,,,,,,,,,,,,,NO GHS
FALSE,FALSE,FALSE,,有,B,3,TRUE,TRUE,FALSE,TRUE,TRUE,TRUE,TRUE,有機,4-Bromobenzaldehyde,1122-91-4,thermo scientific,1,S,25g,,,,,,,,,,,,,,,,,,,,,
FALSE,FALSE,FALSE,,有,B,4,TRUE,TRUE,FALSE,TRUE,TRUE,TRUE,TRUE,有機,2-Bromo-3-methoxyphenol,135999-16-5,Matrix Scientific,6,S,1g,,,,,,,,,,,,,,,,,,,,,
FALSE,FALSE,FALSE,,有,B,5,TRUE,TRUE,FALSE,TRUE,TRUE,TRUE,TRUE,液體,2-Bromo-3-fluoroyphenol,443-81-2,Matrix Scientific/bbld pharm,1+1,L,5g/100g,,,,,,,,,,,,,,,,,,,,,e
FALSE,FALSE,FALSE,,有,B,6,TRUE,TRUE,FALSE,TRUE,TRUE,TRUE,FALSE,有機,2-Bromo-6-fluorophenol,2040-89-3,Matrix Scientific,1,S,5g,,,,,,,,,,,,,,,,,,,,,
FALSE,FALSE,FALSE,,有,B,7,TRUE,TRUE,FALSE,TRUE,FALSE,TRUE,TRUE,有機,2-Bromo-6-thoxyphenol,28165-49-3,Alfa Aesar,1,S,5g,,,,,,,,,,,,,,,,,,,,,
FALSE,FALSE,FALSE,,有,B,8,TRUE,TRUE,FALSE,TRUE,TRUE,TRUE,TRUE,液體,2-Bromositylene,576-83-0,ACROS,1,L,100ml,,,,,,,,,,,,,,,,,,,,,
FALSE,FALSE,FALSE,,有,B,9,TRUE,TRUE,FALSE,TRUE,TRUE,TRUE,TRUE,有機,4-Bromoacetophenone,99-90-1,ACROS,1,S,25g,,,,,,,,,,,,,,,,,,,,,
FALSE,FALSE,FALSE,,有,B,10,TRUE,TRUE,FALSE,TRUE,TRUE,TRUE,TRUE,有機,"4-Bromo-2,6-dithylaniline",24596-19-8,ACROS,3,S,5g,,,,,,,,,,,,,,,,,,,,,
FALSE,FALSE,FALSE,,有,B,11,TRUE,TRUE,FALSE,TRUE,TRUE,TRUE,TRUE,有機,4-Bromo-2-thoxybenzaldehyde,43192-33-2,Aldrich,1,S,5g,,,,,,,,,,,,,,,,,,,,,
FALSE,FALSE,FALSE,,有,B,12,TRUE,TRUE,FALSE,TRUE,TRUE,TRUE,FALSE,有機,4-Bromoaniline,106-40-1,Alfa Aesar,5+1,S,25g/500g,,,,,,,,,,,,,,,,,,,,,
FALSE,FALSE,FALSE,,有,B,14,TRUE,TRUE,FALSE,TRUE,TRUE,TRUE,TRUE,有機,4-Bromobenzonitrile,623-00-7,ACROS,1,S,50g,,,,,,,,,,,,,,,,,,,,,
FALSE,FALSE,FALSE,,有,B,15,TRUE,TRUE,FALSE,TRUE,TRUE,TRUE,TRUE,有機,4-Bromobenzophenone,90-90-4,ACROS,1,S,25g,,,,,,,,,,,,,,,,,,,,,
FALSE,FALSE,FALSE,,有,B,16,TRUE,TRUE,FALSE,TRUE,TRUE,TRUE,TRUE,有機,4-Bromophenol,106-41-2,ACROS,1,S,100g,,,,,,,,,,,,,,,,,,,,,
FALSE,FALSE,FALSE,,有,B,16-2,TRUE,TRUE,FALSE,TRUE,TRUE,TRUE,TRUE,有機,4-Bromophenol,106-41-2,Alfa Aesar,1,S,100g,,,,,,,,,,,,,,,,,,,,,
FALSE,FALSE,FALSE,,有,B,16-3,FALSE,FALSE,FALSE,TRUE,TRUE,TRUE,TRUE,有機,4-Bromophenol,106-41-2,thermo scientific,1,S,100g,,,,,,,,,,,,,,,,,,,,,
FALSE,FALSE,FALSE,,有,B,16-4,TRUE,TRUE,FALSE,FALSE,FALSE,FALSE,FALSE,有機,4-Bromophenol,106-41-2,Luminescence,1,S,100g,,,,,,,,,,,,,,,,,,,,,
FALSE,FALSE,FALSE,,有,B,18,TRUE,TRUE,FALSE,TRUE,TRUE,TRUE,TRUE,有機,"5-Bromo-2,2′-bithiophene-5-carboxaldehyde",110046-60-1,TCI,2,S,1g,,,,,,,,,,,,,,,,,,,,,
FALSE,FALSE,FALSE,,有,B,19,TRUE,TRUE,FALSE,TRUE,TRUE,TRUE,TRUE,有機,5-Bromo-1-indanone,34598-49-7,Alfa Aesar,2,S,5g,,,,,,,,,,,,,,,,,,,,,
FALSE,FALSE,FALSE,,有,B,20,TRUE,TRUE,FALSE,TRUE,TRUE,TRUE,TRUE,有機,5-Bromo-2-nitroanisole,103966-66-1,Aldrich,1,S,0.5g,,,,,,,,,,,,,,,,,,,,,
FALSE,FALSE,FALSE,,有,B,21,TRUE,TRUE,FALSE,TRUE,TRUE,TRUE,TRUE,有機,5-Bromopyridine-2-carbaldehyde,31181-90-5,Matrix Scientific,2,S,5g,,,,,,,,,,,,,,,,,,,,,NO GHS
FALSE,FALSE,FALSE,,有,B,23,TRUE,TRUE,FALSE,TRUE,TRUE,TRUE,TRUE,有機,"1,2,3-Benzotriazole",95-14-7,TCI,1,S,25g,,,,,,,,,,,,,,,,,,,,,
FALSE,FALSE,FALSE,,有,B,24,TRUE,TRUE,FALSE,TRUE,FALSE,FALSE,TRUE,液體,1-Bromohexane,111-25-1,ACROS,1,L,500g,,,,,,,,,,,,,,,,,,,,,
FALSE,FALSE,FALSE,,有,B,,FALSE,FALSE,FALSE,FALSE,TRUE,FALSE,FALSE,液體,1-Bromohexane,111-25-1,Alfa Aesar,0,S,500g,,,,,,,,,,,,,,,,,,,,,
FALSE,FALSE,FALSE,,有,B,25,TRUE,TRUE,FALSE,FALSE,TRUE,TRUE,TRUE,有機,Bromohydroquinone,583-69-7,ACROS,1,S,固體10g,,,,,,,,,,,,,,,,,,,,,
TRUE,TRUE,TRUE,,有,B,28,TRUE,TRUE,FALSE,TRUE,TRUE,TRUE,TRUE,液體,Bromoethane,74-96-4,Alfa Aesar,1,L,500ml,,,,,,,,,,,,,,,,,,,,,
FALSE,FALSE,FALSE,,有,B,29,TRUE,TRUE,FALSE,TRUE,TRUE,FALSE,TRUE,液體,3-Bromobenzaldehyde,3132-99-8,Alfa Aesar,1,L,25ml,,,,,,,,,,,,,,,,,,,,,
FALSE,FALSE,FALSE,,有,B,30,TRUE,TRUE,FALSE,TRUE,TRUE,TRUE,TRUE,有機,Butylated hydroxyanisole,25013-16-5,aldrich,1,S,100g,,,,,,,,,,,,,,,,,,,,,
FALSE,FALSE,FALSE,,有,B,31,TRUE,TRUE,FALSE,TRUE,TRUE,FALSE,TRUE,液體,4-Bromo-3-floroanisole,458-50-4,Combi-Blocks,2,L,100g,,,,,,,,,,,,,,,,,,,,,
104-15-4,FALSE,FALSE,,有,B,32,TRUE,TRUE,FALSE,TRUE,TRUE,FALSE,TRUE,液體,4-bromoanisole,104-92-7,ACROS,2,L,100ml,,,,,,,,,,,,,,,,,,,,,
FALSE,FALSE,FALSE,,有,B,33,TRUE,TRUE,FALSE,TRUE,TRUE,TRUE,TRUE,有機,2-Bromo-5-iodothiophene,29504-81-2,Matrix Scientific,1,S,1g,,,,,,,,,,,,,,,,,,,,,
FALSE,FALSE,FALSE,,有,B,34,FALSE,TRUE,FALSE,TRUE,TRUE,TRUE,TRUE,有機,1-Bromo-4-iodobenzene,589-87-7,Matrix,3+1,S,100g/500g,,,,,,,,,,,,,,,,,,,,,
FALSE,FALSE,FALSE,,有,B,35,TRUE,TRUE,FALSE,TRUE,FALSE,TRUE,TRUE,有機,Benzophenone 99%,119-61-9,Alfa aesar,1,S,1000g,,,,,,,,,,,,,,,,,,,,,
FALSE,FALSE,FALSE,,有,B,36,TRUE,TRUE,FALSE,TRUE,TRUE,TRUE,TRUE,液體,4-Bromo-2-fluoroanisole,2357-52-0,AK Scientific,2,L,100ml,,,,,,,,,,,,,,,,,,,,,
FALSE,FALSE,FALSE,,有,B,37,TRUE,TRUE,FALSE,FALSE,TRUE,TRUE,TRUE,有機,4-Bromothioanisole,104-95-0,Alfa Aesar,1,S,100g,,,,,,,,,,,,,,,,,,,,,.
FALSE,FALSE,FALSE,,有,B,38,FALSE,FALSE,FALSE,TRUE,FALSE,TRUE,FALSE,冰箱,"2-Bromothiophene,98%",1003-09-4,ACROS,3,L,25ml,,,,,,,,,,,,,,,,,,,,,
FALSE,FALSE,FALSE,,有,B,39,TRUE,TRUE,FALSE,TRUE,TRUE,TRUE,TRUE,有機,4-Bromopyridine HCl,19524-06-2,AK Scientific,1,S,25g,,,,,,,,,,,,,,,,,,,,,
FALSE,FALSE,FALSE,,有,B,40,TRUE,TRUE,FALSE,TRUE,TRUE,TRUE,TRUE,有機,4-Bromophenylacetic acid,1878-68-8,ACROS,1,S,25g,,,,,,,,,,,,,,,,,,,,,
FALSE,FALSE,FALSE,,有,B,42,TRUE,TRUE,FALSE,TRUE,TRUE,FALSE,TRUE,液體,2-Bromo-3-hexylthiophene,69249-61-2,matrix scientific/Combi-Blocks,2,L,25g,,,,,,,,,,,,,,,,,,,,,
FALSE,FALSE,FALSE,,有,B,44,TRUE,TRUE,FALSE,TRUE,TRUE,TRUE,FALSE,有機,4-bromobenzoic acid ,586-76-5,ACROS,1,S,25g,,,-,,,,,,,,,,,,,,,,,,
FALSE,FALSE,FALSE,,有,B,45,TRUE,TRUE,FALSE,TRUE,TRUE,FALSE,TRUE,液體,4-Bromotoluene,106-38-7,Alfa Aesar,2,L,100ml,,,,,,,,,,,,,,,,,,,,,
FALSE,FALSE,FALSE,,有,B,46,TRUE,TRUE,FALSE,TRUE,TRUE,TRUE,FALSE,有機,4-[Bromoethyl]pridine hydromide,73870-24-3,Combi-Blocks,1,S,25g,,,,,,,,,,,,,,,,,,,,,
FALSE,FALSE,FALSE,,有,B,47,TRUE,FALSE,FALSE,TRUE,TRUE,TRUE,TRUE,有機,"1-Bormo-3,5-dimethoxybenzene",20469-65-2,AK Scientific,1,S,25g,,,,,,,,,,,,,,,,,,,,,
FALSE,FALSE,FALSE,,有,B,48,TRUE,TRUE,FALSE,TRUE,TRUE,FALSE,TRUE,液體,3-Bromophenol,591-20-8,Alfa Aesar,1,L,50ml,,,,,,,,,,,,,,,,,,,,,
FALSE,FALSE,FALSE,,有,B,49,TRUE,TRUE,FALSE,TRUE,TRUE,TRUE,TRUE,Hood1(其它),1-Bromooctadecane,112-89-0,sample,1,L,100g,,,,,,,,,,,,,,,,,,,,,NO GHS
FALSE,FALSE,FALSE,,有,B,50,TRUE,TRUE,FALSE,TRUE,FALSE,TRUE,TRUE,Hood1(其它),1-Bromooctane,111-83-1,acros/sample,2,L,250/50,,,,,,,,,,,,,,,,,,,,,
FALSE,FALSE,FALSE,,有,B,51,TRUE,TRUE,FALSE,TRUE,FALSE,TRUE,FALSE,Hood1(其它),1-bromododecane,143-15-7,acros/sample,2,L,250/50,,,,,,,,,,,,,,,,,,,,,
FALSE,FALSE,FALSE,,有,B,52,TRUE,TRUE,FALSE,TRUE,TRUE,TRUE,TRUE,有機,"2,2'-Bipyridyl reagent 99%",366-18-7,Sigma-aldrich,1,S,25g,,,,,,,,,,,,,,,,,,,,,
FALSE,FALSE,FALSE,,有,B,53,FALSE,FALSE,FALSE,FALSE,FALSE,FALSE,FALSE,液體,3-bromopyridine,626-55-1,Sigma-aldrich,0,L,25g,,,,,,,,,,,,,,,,,,,,,
FALSE,FALSE,FALSE,,有,B,55,TRUE,TRUE,FALSE,FALSE,TRUE,TRUE,TRUE,有機,4-Bromobenzyl bromide 98%,589-15-1,ACROS,1,S,100g,,,,,,,,,,,,,,,,,,,,,
FALSE,FALSE,FALSE,,有,B,57,FALSE,FALSE,FALSE,TRUE,FALSE,TRUE,FALSE,冰箱,"2,2'-Bithiophene 97%",492-97-7,aldrich,1,L,10G,,,,,,,,,,,,,,,,,,,,,
FALSE,FALSE,FALSE,,有,B,58,FALSE,FALSE,FALSE,TRUE,FALSE,TRUE,FALSE,冰箱,1-bromononane,693-58-3,ACROS,1,L,25,,,,,,,,,,,,,,,,,,,,,
FALSE,FALSE,FALSE,,有,B,59,FALSE,FALSE,FALSE,TRUE,FALSE,TRUE,FALSE,冰箱,1-bromo-4-hexylbenzene,23703-22-2,AK Scientific,1,L,5g,,,,,,,,,,,,,,,,,,,,,
FALSE,FALSE,FALSE,,有,B,60,TRUE,TRUE,FALSE,TRUE,TRUE,TRUE,TRUE,有機,"1,1'-Biphenyl,2,2',4,4',6,6'-hexathyl-",4482-03-5,Angene,1,S,1g,,,,,,,,,,,,,,,,,,,,,
FALSE,FALSE,FALSE,,有,B,62,TRUE,TRUE,FALSE,TRUE,TRUE,FALSE,TRUE,液體,5-Bromo-m-xylene,556-96-7,Alfa Aesar,1,L,5g,,,,,,,,,,,,,,,,,,,,,
FALSE,FALSE,FALSE,,有,B,63,TRUE,TRUE,FALSE,FALSE,TRUE,FALSE,TRUE,液體,Boron trifluoride diethyl etherate,109-63-7,ACROS,5,L,100g,,,,,,,,,,,,,,,,,,,,,
FALSE,FALSE,FALSE,,有,B,64,FALSE,FALSE,FALSE,TRUE,FALSE,TRUE,FALSE,冰箱,Bis(pinacolato)diboron,73183-34-3,AK Scientific,1,S,500g,,,,,,,,,,,,,,,,,,,,,
FALSE,FALSE,FALSE,,有,B,64-分裝,FALSE,FALSE,FALSE,TRUE,FALSE,TRUE,FALSE,冰箱,Bis(pinacolato)diboron,73183-34-3,分裝,1,S,100,,,,,,,,,,,,,,,,,,,,,
FALSE,FALSE,FALSE,,有,B,65,FALSE,FALSE,FALSE,TRUE,FALSE,TRUE,FALSE,冰箱,3-Bromothiophene,872-31-1,ACROS,2,L,25g,,,,,,,,,,,,,,,,,,,,,
FALSE,FALSE,FALSE,,有,B,67,TRUE,TRUE,FALSE,TRUE,TRUE,TRUE,TRUE,液體,5-Bromo-2-thiophenecarbaldehyde,4701-17-1,Combi-Blocks,2,L,25g,,,,,,,,,,,,,,,,,,,,,NO GHS
FALSE,FALSE,FALSE,,有,B,68,TRUE,TRUE,FALSE,FALSE,TRUE,TRUE,FALSE,有機,"4-Bromo-3,5-difluoroaniline",203302-95-8,Combi-Blocks,1+1,S,25g/100g,,,,,,,,,,,,,,,,,,,,,NO GHS
FALSE,FALSE,FALSE,,有,B,70,TRUE,TRUE,FALSE,FALSE,TRUE,FALSE,FALSE,液體,Benzyl bromide,100-39-0,Alfa Aesar,1,L,250g,,,,,,,,,,,,,,,,,,,,,
FALSE,FALSE,FALSE,,有,B,71,FALSE,FALSE,FALSE,FALSE,FALSE,FALSE,FALSE,冰箱,"1,3,5-Benzenetricarboxaldehyde",3163-76-6,Acorc,1,S,1g,,,,,,,,,,,,,,,,,,,,,
FALSE,FALSE,FALSE,,有,B,72,TRUE,TRUE,FALSE,TRUE,FALSE,FALSE,TRUE,液體,Bromopentafluorobenzene,344-04-07,ACROS/Combi-Blocks,1,L,25g/25ml,,,,,,,,,,,,,,,,,,,,,
FALSE,FALSE,FALSE,,有,B,73,TRUE,TRUE,FALSE,TRUE,TRUE,FALSE,TRUE,液體,1-Bromopentane,110-53-2,ACROS,1,L,250ml,,,,,,,,,,,,,,,,,,,,,
FALSE,FALSE,FALSE,,有,B,74,TRUE,TRUE,FALSE,TRUE,TRUE,FALSE,TRUE,液體,1-Bromodecane,112-29-8,ACROS,1,L,500g,,,,,,,,,,,,,,,,,,,,,
FALSE,FALSE,FALSE,,有,B,74-分,FALSE,FALSE,FALSE,TRUE,FALSE,FALSE,TRUE,液體,1-Bromodecane,112-29-8,sample,1,L,50ml,,,,,,,,,,,,,,,,,,,,,
FALSE,FALSE,FALSE,,有,B,75,TRUE,TRUE,FALSE,FALSE,TRUE,FALSE,FALSE,液體,1-Bromopropane,106-94-5,ACROS,1,L,250ml,,,,,,,,,,,,,,,,,,,,,
FALSE,FALSE,FALSE,,有,B,76,TRUE,TRUE,FALSE,TRUE,TRUE,FALSE,TRUE,液體,"4-Bromo-2,3,5,6-tetrafluoropyridine",3511-90-8,matrix,1,L,5g,,,,,,,,,,,,,,,,,,,,,
FALSE,FALSE,FALSE,,有,B,77,TRUE,TRUE,FALSE,TRUE,TRUE,FALSE,TRUE,液體,"1-Bromo-3,4,5-trifluorobenzene",138526-69-9,matrix,1,L,25g,,,,,,,,,,,,,,,,,,,,,
FALSE,FALSE,FALSE,,有,B,78,TRUE,TRUE,FALSE,TRUE,TRUE,TRUE,TRUE,有機,"5-Bromo-1,3-difluoro-2-iodobenzene",160976-02-3,TCI,2,S,5g,,,,,,,,,,,,,,,,,,,,,NO GHS
FALSE,FALSE,FALSE,,有,B,79,TRUE,TRUE,FALSE,FALSE,TRUE,FALSE,FALSE,液體,1-bromohexadecane,112-82-3,ACROS,1,L,100g,,,,,,,,,,,,,,,,,,,,,
FALSE,FALSE,FALSE,,有,B,80,TRUE,TRUE,FALSE,TRUE,TRUE,FALSE,TRUE,Hood1(其它),4-Bromoanisole ,104-92-7,sample,1,L,50ml,,,,,,,,,,,,,,,,,,,,,
FALSE,FALSE,FALSE,,有,B,81,TRUE,TRUE,FALSE,TRUE,FALSE,FALSE,TRUE,液體,bromotrimethylsilane,2857-97-8,thermo scientific,2,L,25g,,,,,,,,,,,,,,,,,,,,,
FALSE,FALSE,FALSE,,有,B,81-1,TRUE,TRUE,FALSE,TRUE,FALSE,FALSE,TRUE,液體,bromotrimethylsilane,2857-97-8,thermo scientific,1,L,25g,,,,,,,,,,,,,,,,,,,,,
FALSE,FALSE,FALSE,,有,B,81-2,TRUE,TRUE,FALSE,TRUE,FALSE,FALSE,TRUE,液體,bromotrimethylsilane,2857-97-8,thermo scientific,1,L,100g,,,,,,,,,,,,,,,,,,,,,
FALSE,FALSE,FALSE,,有,B,82,FALSE,FALSE,FALSE,FALSE,FALSE,TRUE,FALSE,冰箱,4-Bromophenylboronic acid,5467-74-3,ACROS,1,S,5g,,,,,,,,,,,,,,,,,,,,,NO GHS
FALSE,FALSE,FALSE,,有,B,83,TRUE,TRUE,FALSE,TRUE,TRUE,TRUE,TRUE,有機,6-bromohexanoic acid,4224-70-8,ACROS,2,S,100g/25g,,,,,,,,,,,,,,,,,,,,,
FALSE,FALSE,FALSE,,有,B,84,TRUE,FALSE,FALSE,TRUE,TRUE,FALSE,TRUE,液體,3-bromoanisole,2398-37-0,Alfa Aesar,1,L,100g,,,,,,,,,,,,,,,,,,,,,
FALSE,FALSE,FALSE,,有,B,85,FALSE,FALSE,FALSE,FALSE,FALSE,TRUE,FALSE,冰箱,"1-(Bromoethyl)-2,3,4,5,6-Pentafluorobenzene",1765-40-8,Angene,0,L,5g,,,,,,,,,,,,,,,,,,,,,NO GHS
FALSE,FALSE,FALSE,,有,B,86,FALSE,FALSE,FALSE,FALSE,FALSE,FALSE,TRUE,有機,Benzoic acid 99.5%,65-85-0,ACROS,1,S,1000g,,,,,,,,,,,,,,,,,,,,,
FALSE,FALSE,FALSE,,有,B,87,TRUE,TRUE,FALSE,TRUE,TRUE,TRUE,TRUE,有機,"1,3,5-Tris(bromomethyl) benzene",18226-42-1,Combi-Blocks,1,S,5g,,,,,,,,,,,,,,,,,,,,,
FALSE,FALSE,FALSE,,有,B,88,FALSE,FALSE,FALSE,TRUE,FALSE,TRUE,FALSE,冰箱,1-bromo-2-iodobenzene 98%,583-55-1,AK Scientific,1,L,100g,,,,,,,,,,,,,,,,,,,,,
FALSE,FALSE,FALSE,,有,B,89,FALSE,FALSE,FALSE,TRUE,FALSE,TRUE,FALSE,冰箱,1-Butylboronic acid 98%,4426-47-5,Alfa Aesar,1,S,5g,,,,,,,,,,,,,,,,,,,,,NO GHS
FALSE,FALSE,FALSE,,有,B,90,TRUE,TRUE,FALSE,TRUE,TRUE,TRUE,FALSE,冰箱,1-bromo-2-fluorobenzene,1072-85-1,Alfa Aesar,1,L,25g,,,,,,,,,,,,,,,,,,,,,
FALSE,FALSE,FALSE,,有,B,91,FALSE,FALSE,FALSE,FALSE,FALSE,FALSE,FALSE,冰箱,"3,5-Bis(trifluoromethyl)bromobenzene",32247-96-4,ACROS,0,S,1g,,,,,,,,,,,,,,,,,,,,,6/10用完
FALSE,FALSE,FALSE,,有,B,92,FALSE,FALSE,FALSE,TRUE,FALSE,TRUE,FALSE,冰箱,(4-(Bromomethyl)benzeneboronic acid pinacol ester),138500-85-3,AK Scientific,1,S,5g,,,,,,,,,,,,,,,,,,,,,
FALSE,FALSE,FALSE,,有,B,93,FALSE,FALSE,FALSE,TRUE,FALSE,TRUE,TRUE,有機,1-bromo-3-nitrobenzene 95+%,585-79-5,Matrix,1,S,25g,,,,,,,,,,,,,,,,,,,,,
FALSE,FALSE,FALSE,,有,B,94,TRUE,TRUE,FALSE,TRUE,TRUE,FALSE,TRUE,液體,"2-bromo-4,5-difluorophenol 97%",166281-37-4,Matrix,1,L,25g,,,,,,,,,,,,,,,,,,,,,
FALSE,FALSE,FALSE,,有,B,95,TRUE,TRUE,FALSE,TRUE,TRUE,TRUE,TRUE,有機,9 9 bis(4-hydroxyphenyl)fluorene,3236-71-3,TCI,1,S,25g,,,,,,,,,,,,,,,,,,,,,NO GHS
FALSE,FALSE,FALSE,,有,B,96,TRUE,TRUE,FALSE,TRUE,TRUE,TRUE,TRUE,有機,4-Bromophthalic anhydride ,86-90-8,AK Scientific,1,S,25g,,,,,,,,,,,,,,,,,,,,,
FALSE,FALSE,FALSE,,有,B,97,TRUE,TRUE,FALSE,TRUE,TRUE,TRUE,TRUE,有機,"1-Bromo-2,3-difluoro-4-methoxybenzene, 99+%",406482-22-2,AK Scientific,1,S,25g,,,,,,,,,,,,,,,,,,,,,
FALSE,FALSE,FALSE,,有,B,98,TRUE,TRUE,FALSE,FALSE,TRUE,TRUE,TRUE,有機,"1-(4-Bromophenyl)-1,2,2-triphenylethylene",34699-28-0,Combi-Blocks,1,S,5g,NO GHS,,,,,,,,,,,,,,,,,,,,NO GHS
FALSE,FALSE,FALSE,,有,B,99,TRUE,TRUE,FALSE,FALSE,TRUE,TRUE,TRUE,有機,4-Bromo-2-chloro-1-methoxybenzene,50638-47-6,AK Scientific,1,S,25g,,,,,,,,,,,,,,,,,,,,,
,,,,有,B,100,FALSE,FALSE,FALSE,TRUE,FALSE,TRUE,FALSE,冰箱,4'-Bromobenzo-15-crown 5-ether,60835-72-5,友興堂,1,S,5g,,,,,,,,,,,,,,,,,,,,,NO GHS
,,,,有,B,101,FALSE,FALSE,FALSE,TRUE,FALSE,TRUE,FALSE,冰箱,"3,5-bis(trifluoromethyl)phenylmagnesium bromide",112981-69-8,Sigma-Aldrich,1,L,50ml,,,,,,,,,,,,,,,,,,,,,
FALSE,FALSE,FALSE,,有,B,102,FALSE,TRUE,FALSE,TRUE,TRUE,FALSE,TRUE,液體,4-Bromo-3-chloroanisole,50638-46-5,Combi-Blocks,2+1+1,L,25g/100g/500g,,,,,,,,,,,,,,,,,,,,,NO GHS
,,,,有,B,103,FALSE,TRUE,FALSE,FALSE,FALSE,TRUE,TRUE,有機,2-Bromo-6-methoxynaphthalene,5111-65-9,AK Scientific,2+1,S,100g,,,,,,,,,,,,,,,,,,,,,
,,,,有,B,104,TRUE,TRUE,FALSE,FALSE,FALSE,TRUE,TRUE,有機,"3,4-Bis(methoxycarbonyl)phenylboronic acid",1072951-51-9,Combi-Blocks,1,S,1g,NO GHS,,,,,,,,,,,,,,,,,,,,
,,,,有,B,105,TRUE,TRUE,FALSE,FALSE,FALSE,FALSE,TRUE,有機,"1,3-Bis(1-isocyanato-1-methylethyl)benzene",2778-42-9,TCI,1,L,25g,,,,,,,,,,,,,,,,,,,,,
FALSE,FALSE,FALSE,,有,B,106,TRUE,TRUE,FALSE,TRUE,TRUE,TRUE,TRUE,液體,2-Bromophenol,95-56-7,Combi-Blocks,1,L,25g,,,,,,,,,,,,,,,,,,,,,
FALSE,FALSE,FALSE,,有,B,107,FALSE,FALSE,FALSE,FALSE,FALSE,FALSE,FALSE,冷凍,1-bromo-2-(2-methoxyethoxy)ethane,54149-17-6,AK Scientific,1,L,100g,,,,,,,,,,,,,,,,,,,,,
FALSE,FALSE,FALSE,,有,B,107-1,FALSE,FALSE,FALSE,FALSE,FALSE,FALSE,FALSE,冷凍,1-bromo-2-(2-methoxyethoxy)ethane,54149-17-6,Luminescence,1,L,100g,,,,,,,,,,,,,,,,,,,,,
FALSE,FALSE,FALSE,,有,B,107-2,FALSE,TRUE,FALSE,FALSE,FALSE,FALSE,FALSE,冷凍,1-bromo-2-(2-methoxyethoxy)ethane,54149-17-6,AK Scientific,1,L,500g,,,,,,,,,,,,,,,,,,,,,
FALSE,FALSE,FALSE,,有,B,107-3,FALSE,TRUE,FALSE,FALSE,FALSE,FALSE,FALSE,冷凍,1-bromo-2-(2-methoxyethoxy)ethane,54149-17-6,AK Scientific,1,L,250g,,,,,,,,,,,,,,,,,,,,,
FALSE,FALSE,FALSE,,有,B,107-3,FALSE,TRUE,FALSE,FALSE,FALSE,FALSE,FALSE,冷凍,1-bromo-2-(2-methoxyethoxy)ethane,54149-17-6,Lumtec,1,L,250g,,,,,,,,,,,,,,,,,,,,,
FALSE,FALSE,FALSE,,有,B,108,FALSE,FALSE,FALSE,FALSE,FALSE,FALSE,FALSE,冷凍,1-Bromo-2-nitrobenzene ,577-19-5,AK Scientific,1,S,25g,,,,,,,,,,,,,,,,,,,,,
FALSE,FALSE,FALSE,,有,B,109,FALSE,TRUE,FALSE,FALSE,FALSE,FALSE,TRUE,有機,"2-Bromo-1,3-difluoro-5-iodobenzene",155906-10-8,AK Scientific,1+1,S,25g/500g,,,,,,,,,,,,,,,,,,,,,
FALSE,FALSE,FALSE,,有,B,110,TRUE,TRUE,FALSE,FALSE,FALSE,FALSE,TRUE,有機,2-Bromonaphthalene,580-13-2,AK Scientific,1,S,100g,,,,,,,,,,,,,,,,,,,,,
FALSE,FALSE,FALSE,,有,B,111,TRUE,TRUE,FALSE,FALSE,FALSE,FALSE,TRUE,有機,2-Bromoanthracene,7321-21-9,AK Scientific,1,S,10g,,,,,,,,,,,,,,,,,,,,,
FALSE,FALSE,FALSE,,有,B,112,TRUE,TRUE,FALSE,FALSE,FALSE,FALSE,TRUE,有機,1-Bromopyrene,714-29-0,Combi-Blocks,1,S,25g,,,,,,,,,,,,,,,,,,,,,
FALSE,FALSE,FALSE,,有,B,113,FALSE,TRUE,FALSE,FALSE,FALSE,FALSE,TRUE,有機,2-Bromocarbazole,3652-90-2,AK Scientific,1,S,25g,,,,,,,,,,,,,,,,,,,,,
FALSE,FALSE,FALSE,,有,B,114,FALSE,FALSE,FALSE,FALSE,FALSE,FALSE,TRUE,有機,2-Bromoethanol,540-51-2,AK Scientific,0,S,250g,,,,,,,,,,,,,,,,,,,,,
FALSE,FALSE,FALSE,,有,B,115,TRUE,TRUE,FALSE,FALSE,FALSE,FALSE,TRUE,冷凍,Bis(tri-tert-butylphosphine)palladium(0),53199-31-8,AK Scientific,1+1,S,1g/500g,,,,,,,,,,,,,,,,,,,,,
FALSE,FALSE,FALSE,,有,B,115-1,TRUE,TRUE,FALSE,FALSE,FALSE,FALSE,TRUE,冷凍,Bis(tri-tert-butylphosphine)palladium(0),53199-31-8,thermo scientific,2,S,1g,,,,,,,,,,,,,,,,,,,,,
,,,,有,B,116,FALSE,FALSE,FALSE,,,,,有機,"Benzene-1,3-dicarboxylic acid",121-91-5,Merck,1,S,1kg,,,,,,,,,,,,,,,,,,,,,
,,,,有,B,117,FALSE,FALSE,FALSE,,,,,有機,"1,2,4-Benzenetricarboxylic anhydride",552-30-7,JANDDEN,1,S,1kg,,,,,,,,,,,,,,,,,,,,,
,,,,有,B,118,FALSE,FALSE,FALSE,,,,,有機,1-butanol,71-36-3,Lumtec,1,L,500g,,,,,,,,,,,,,,,,,,,,,
,,,,有,B,119,FALSE,FALSE,FALSE,,,,,冰箱,"3,5-Bis(ethoxycarbonyl)phenylboronic Acid",932378-94-4,Combi-Blocks,1,S,1g,,,,,,,,,,,,,,,,,,,,,
,,,,有,B,120,TRUE,TRUE,FALSE,,,,,有機,2-Bromofluorene,1133-80-8,Martix scientific,1,S,25g,,,,,,,,,,,,,,,,,,,,,
,,,,,,,FALSE,FALSE,FALSE,,,,,,,,,,,,,,,,,,,,,,,,,,,,,,,,
FALSE,FALSE,FALSE,,有,C,1,TRUE,TRUE,FALSE,TRUE,TRUE,TRUE,TRUE,有機,18-Crown-6,17455-13-9,ACROS,1,S,5g,,,,,,,,,,,,,,,,,,,,,
FALSE,FALSE,FALSE,,有,C,2,TRUE,TRUE,FALSE,TRUE,TRUE,TRUE,TRUE,有機,"1-Chloro-2,5-dibromobenzene",3460-24-0,ACROS,1,S,25g,,,,,,,,,,,,,,,,,,,,,
FALSE,FALSE,FALSE,,有,C,3,TRUE,TRUE,FALSE,TRUE,TRUE,TRUE,TRUE,有機,4-Cyanobenzaldehyde,105-07-7,ACROS,3,S,5g,,,,,,,,,,,,,,,,,,,,,
FALSE,FALSE,FALSE,,有,C,4,TRUE,TRUE,FALSE,TRUE,TRUE,TRUE,TRUE,有機,4-chlorophenyl methyl sulfone,98-57-7,Alfa Aesar,1,S,.10g,,,,,,,,,,,,,,,,,,,,,
FALSE,FALSE,FALSE,,有,C,5,TRUE,TRUE,FALSE,TRUE,TRUE,TRUE,TRUE,有機,Carbazole,86-74-8,Sigma-Aldrich,2,S,100g/250g,,,,,,,,,,,,,,,,,,,,,
FALSE,FALSE,FALSE,,有,C,5-再結晶,TRUE,TRUE,FALSE,FALSE,FALSE,FALSE,FALSE,Hex旁抽屜,Carbazole,86-74-8,Sample,1,S,/,,,,,,,,,,,,,,,,,,,,,
FALSE,FALSE,FALSE,,有,C,6,TRUE,TRUE,FALSE,FALSE,TRUE,FALSE,TRUE,液體,Cyclohexane,110-82-7,Merck,1,L,500,,,,,,,,,,,,,,,,,,,,,
FALSE,FALSE,FALSE,,有,C,7,FALSE,FALSE,FALSE,TRUE,FALSE,TRUE,FALSE,冰箱,Carbon tetrabromide,558-13-4,Acros,3,S,100,,,,,,,,,,,,,,,,,,,,,
FALSE,FALSE,FALSE,,有,C,8,FALSE,FALSE,FALSE,TRUE,FALSE,TRUE,FALSE,冰箱,corannulene,5821-51-2,yushing,1,S,1g,,,,,,,,,,,,,,,,,,,,,
FALSE,FALSE,FALSE,,有,C,9,TRUE,TRUE,FALSE,FALSE,TRUE,TRUE,TRUE,有機,Cysteamine HCl,156-57-0,AK Scientific,1,S,25g,,,,,,,,,,,,,,,,,,,,,
FALSE,FALSE,FALSE,,有,C,10,TRUE,TRUE,FALSE,TRUE,TRUE,TRUE,TRUE,有機,3-Chloro-4-methoxyaniline,5345-54-0,AK Scientific,2,S,100g,,,,,,,,,,,,,,,,,,,,,
FALSE,FALSE,FALSE,,有,C,11,TRUE,TRUE,FALSE,FALSE,FALSE,FALSE,FALSE,有機,"1-(chloromethyl)-4-fluoro-1,4-diazoniabicyclo-[2.2.2]octane bis(tetrafluoroborate)", 140681-55-6,Combi-Blocks,2/100g,S,25g,,,,,,,,,,,,,,,,,,,,,
FALSE,FALSE,FALSE,,有,C,12,TRUE,TRUE,FALSE,FALSE,FALSE,FALSE,FALSE,有機,Copper(II) acetylacetonate,13395-16-9,AK Scientific,1,S,100g,,,,,,,,,,,,,,,,,,,,,
FALSE,FALSE,FALSE,,有,C,13,TRUE,TRUE,FALSE,FALSE,FALSE,FALSE,FALSE,有機,Catechol,120-80-9,Combi-Blocks,1,S,25g,,,,,,,,,,,,,,,,,,,,,
,,,,,,,FALSE,FALSE,FALSE,,,,,,,,,,,,,,,,,,,,,,,,,,,,,,,,
FALSE,FALSE,FALSE,,有,D,1,TRUE,TRUE,FALSE,FALSE,FALSE,TRUE,TRUE,有機,"1,4-Diaminoanthraquinone",128-95-0,Alfa Aesar,1,S,100g,,,,,,,,,,,,,,,,,,,,,
FALSE,FALSE,FALSE,,有,D,2,TRUE,FALSE,FALSE,TRUE,TRUE,FALSE,TRUE,液體,Diphenylmethane,101-81-5,Alfa Aesar,1,L,100ml,,,,,,,,,,,,,,,,,,,,,
FALSE,FALSE,FALSE,,有,D,3,FALSE,FALSE,FALSE,TRUE,FALSE,TRUE,FALSE,,"Dithieno[3,2-b:2',3'-d]thiophene",3593-75-7,LUMTEC,1,S,1g,,,,,,,,,,,,,,,,,,,,,
FALSE,FALSE,FALSE,,有,D,4,TRUE,TRUE,FALSE,TRUE,TRUE,TRUE,TRUE,有機,"5,5""-Dibromo-2,2':5',2''-terthiophene",98057-08-0,TCI,1,S,1g,,,,,,,,,,,,,,,,,,,,,No GHS
FALSE,FALSE,FALSE,,有,D,5,TRUE,TRUE,FALSE,TRUE,TRUE,TRUE,TRUE,有機,"1,8-Diiodonaphthalene",1730-04-7,Combi-Blocks,1,S,1g,,,,,,,,,,,,,,,,,,,,,No GHS
FALSE,FALSE,FALSE,,有,D,6,TRUE,TRUE,FALSE,TRUE,FALSE,TRUE,TRUE,有機,"1,8-Dibromoanthracene",131276-24-9,AK Scientific,1,S,1g,,,,,,,,,,,,,,,,,,,,,No GHS
FALSE,FALSE,FALSE,,有,D,7,TRUE,TRUE,FALSE,FALSE,TRUE,TRUE,TRUE,有機,"4,4'-Dibromobiphenyl",92-86-4,ACROS,2,S,100g,,,,,,,,,,,,,,,,,,,,,
FALSE,FALSE,TRUE,,有,D,8,TRUE,TRUE,FALSE,TRUE,TRUE,TRUE,TRUE,有機,"2-Dicyclohexylphosphino-2',6'-dimethoxybiphenyl",657408-07-6,ACROS,2,S,1g,,,,,,,,,,,,,,,,,,,,,
FALSE,FALSE,FALSE,,有,D,9,TRUE,TRUE,FALSE,TRUE,TRUE,TRUE,TRUE,有機,"2,6-Diaminoanthraquinone",131-14-6,AK Scientific,1,S,100g,,,,,,,,,,,,,,,,,,,,,
FALSE,FALSE,FALSE,,有,D,9-2,TRUE,TRUE,FALSE,TRUE,TRUE,TRUE,TRUE,有機,"2,6-Diaminoanthraquinone",131-14-6,AK Scientific,1,S,25g,,,,,,,,,,,,,,,,,,,,,
FALSE,FALSE,FALSE,,有,D,10,TRUE,TRUE,FALSE,TRUE,TRUE,TRUE,TRUE,有機,"2,6-Dibromopyridine",626-05-1,ACROS,1,S,25g,,,,,,,,,,,,,,,,,,,,,
FALSE,FALSE,FALSE,,有,D,11,FALSE,FALSE,FALSE,TRUE,FALSE,FALSE,TRUE,液體,"2,6-Difluoronitrobenzene",19064-24-5,ACROS,1,L,5ml,,,,,,,,,,,,,,,,,,,,,
FALSE,FALSE,FALSE,,有,D,12,TRUE,TRUE,FALSE,TRUE,TRUE,TRUE,TRUE,有機,"2,7-Dibromo-9H-fluoren-9-one",14348-75-5,AK Scientific,3,S,100g/25g/25g,,,,,,,,,,,,,,,,,,,,,No GHS
FALSE,FALSE,FALSE,,有,D,13,TRUE,TRUE,FALSE,TRUE,TRUE,TRUE,TRUE,有機,"4,4'Dibromobenzophenone",3988-03-2,Alfa Aesar,1,S,5g,,,,,,,,,,,,,,,,,,,,,No GHS
FALSE,FALSE,FALSE,,有,D,14,TRUE,TRUE,FALSE,TRUE,TRUE,TRUE,TRUE,有機,"2,5-Dibromopyridine",624-28-2,ACROS,2,S,50g,,,,,,,,,,,,,,,,,,,,,
FALSE,FALSE,FALSE,,有,D,,TRUE,TRUE,FALSE,TRUE,TRUE,TRUE,TRUE,有機,"2,5-Dibromopyridine",624-28-2,ACROS,5,S,10g,,,,,,,,,,,,,,,,,,,,,
FALSE,FALSE,FALSE,,有,D,16,TRUE,TRUE,FALSE,TRUE,TRUE,TRUE,FALSE,有機,"1,4-dibromobenzene 99%",106-37-6,ACROS,1,S,500g,,,,,,,,,,,,,,,,,,,,,
FALSE,FALSE,FALSE,,有,D,16-2,TRUE,TRUE,FALSE,TRUE,TRUE,TRUE,FALSE,有機,"1,4-dibromobenzene 99%",106-37-6,ACROS,1,S,250g,,,,,,,,,,,,,,,,,,,,,
FALSE,FALSE,FALSE,,有,D,17,TRUE,TRUE,FALSE,TRUE,TRUE,FALSE,TRUE,液體,"1,4-dibromobenzene 87%",106-37-6,ACROS,1,L,5ml,,,,,,,,,,,,,,,,,,,,,No GHS
FALSE,FALSE,FALSE,,有,D,19,TRUE,TRUE,FALSE,TRUE,TRUE,TRUE,TRUE,有機,"4,4'-Dimethyl-2,2'-bipyridyl",1134-35-6,AK Scientific,1,S,25g,,,,,,,,,,,,,,,,,,,,,
FALSE,FALSE,FALSE,,有,D,20,TRUE,TRUE,FALSE,TRUE,TRUE,TRUE,TRUE,有機,3-(Dicyanomethylidene)indan-1-one,1080-74-6,AK Scientific,1,S,1g,,,,,,,,,,,,,,,,,,,,,
FALSE,FALSE,FALSE,,有,D,22,TRUE,TRUE,FALSE,TRUE,TRUE,TRUE,TRUE,有機,3-Dimethylaminopropyl chloride hydrochloride,5407-04-5,AK Scientific,1,S,25g,,,,,,,,,,,,,,,,,,,,,
FALSE,FALSE,FALSE,,有,D,23,TRUE,TRUE,FALSE,TRUE,TRUE,TRUE,FALSE,有機,"4,4'-dimethoxydiphenylamine",101-70-2,AK Scientific,5,S,25g,,,,,,,,,,,,,,,,,,,,,No GHS
FALSE,FALSE,FALSE,,有,D,24,TRUE,TRUE,FALSE,TRUE,TRUE,FALSE,TRUE,液體,"2,3-Dibromothiophene",3140-93-0,Martix scientific,2,L,5ml,,,,,,,,,,,,,,,,,,,,,
FALSE,FALSE,FALSE,,有,D,25,TRUE,TRUE,FALSE,TRUE,TRUE,TRUE,TRUE,有機,"1,4-Diiodobenzene",624-38-4,ACROS,2,S,50g,,,,,,,,,,,,,,,,,,,,,
FALSE,FALSE,FALSE,,有,D,26,TRUE,TRUE,FALSE,TRUE,TRUE,TRUE,TRUE,有機,"3,5-Dihydroxybenzoic Acid",99-10-5,Trade Mark,1,S,25g,,,,,,,,,,,,,,,,,,,,,
FALSE,FALSE,FALSE,,有,D,27,TRUE,TRUE,FALSE,TRUE,TRUE,TRUE,TRUE,有機,"4,7-Dibromo-2,1,3-benzothiadiazole",15155-41-6,TCI,4,S,25g,,,,,,,,,,,,,,,,,,,,,
FALSE,FALSE,FALSE,,有,D,29,TRUE,TRUE,FALSE,FALSE,TRUE,FALSE,TRUE,液體,1-Dodecyne,765-03-07,ACROS,1,L,5ml,,,,,,,,,,,,,,,,,,,,,
FALSE,FALSE,FALSE,,有,D,30,TRUE,TRUE,FALSE,TRUE,TRUE,TRUE,TRUE,有機,"3,6-Dibromo-9H-carbazole",6825-20-3,Martix scientific,2,S,100g,,,,,,,,,,,,,,,,,,,,,
FALSE,FALSE,FALSE,,有,D,30-1,TRUE,TRUE,FALSE,TRUE,TRUE,TRUE,TRUE,有機,"3,6-Dibromo-9H-carbazole",6825-20-3,Martix scientific,2,S,100g,,,,,,,,,,,,,,,,,,,,,
FALSE,FALSE,FALSE,,有,D,31,TRUE,TRUE,FALSE,TRUE,TRUE,TRUE,TRUE,有機,"3,6-Dibromocarbazole",6825-20-3,AK Scientific,1,S,25g,,,,,,,,,,,,,,,,,,,,,
FALSE,FALSE,FALSE,,有,D,33,TRUE,TRUE,FALSE,TRUE,TRUE,TRUE,FALSE,有機,"1,4-Dibromotetrafluorobenzene",344-03-6,AK Scientific,1,S,25g,,,,,,,,,,,,,,,,,,,,,
FALSE,FALSE,FALSE,,有,D,33-2,TRUE,TRUE,FALSE,TRUE,TRUE,TRUE,FALSE,有機,"1,4-Dibromotetrafluorobenzene",344-03-6,ACROS,1,S,5g,,,,,,,,,,,,,,,,,,,,,
FALSE,FALSE,FALSE,,有,D,34,TRUE,TRUE,FALSE,TRUE,TRUE,TRUE,TRUE,有機,"Diethyl 2,5-dibromoterephthalate",18013-97-3,AK Scientific,1,S,25g,,,,,,,,,,,,,,,,,,,,,
FALSE,FALSE,FALSE,,有,D,35,TRUE,TRUE,FALSE,TRUE,TRUE,TRUE,TRUE,有機,tBuXPhos,564483-19-8,Aldrich,1,S,5g,,,,,,,,,,,,,,,,,,,,,
FALSE,FALSE,FALSE,,有,D,36,TRUE,TRUE,FALSE,TRUE,TRUE,FALSE,TRUE,液體,"1,2-Dibromobenzene",583-53-9,Matrix Scientific,1,L,100ml,,,,,,,,,,,,,,,,,,,,,
FALSE,FALSE,FALSE,,有,D,37,FALSE,FALSE,FALSE,TRUE,FALSE,TRUE,FALSE,冰箱,"2,5-Dibromothiophene, 95%",3141-27-3,Matrix Scientific,4,L,100ml,,,,,,,,,,,,,,,,,,,,,
FALSE,FALSE,FALSE,,有,D,38,FALSE,FALSE,FALSE,TRUE,FALSE,TRUE,FALSE,冰箱,"1,4-Dihydroxynaphthalene",571-60-8,東京化成,2,S,25g,,,,,,,,,,,,,,,,,,,,,
FALSE,FALSE,FALSE,,有,D,39,FALSE,FALSE,FALSE,FALSE,FALSE,TRUE,FALSE,冰箱,"1,2Dibromoethene",25429-23-6,日本,0,S,500g,,,,,,,,,,,,,,,,,,,,,
FALSE,FALSE,FALSE,,有,D,40,TRUE,TRUE,FALSE,TRUE,TRUE,TRUE,TRUE,有機,"2,5Difluoro-1,4-phenylenediboronic acid",1256358-83-4,Combi-Blocks,1,S,1g,,,,,,,,,,,,,,,,,,,,,No GHS
FALSE,FALSE,FALSE,,有,D,41,FALSE,FALSE,FALSE,FALSE,FALSE,TRUE,FALSE,冰箱,"1,2-Di-3-thienyl-1,2-ethanedione",7333-08-06,yushing,1,S,4.5g,,,,,,,,,,,,,,,,,,,,,No GHS
FALSE,FALSE,FALSE,,有,D,42,TRUE,TRUE,FALSE,TRUE,TRUE,TRUE,TRUE,有機,"1,4-Dibromo-2,5-difluorobenzene",327-51-5,Combi-Blocks,1,S,25g,,,,,,,,,,,,,,,,,,,,,No GHS
FALSE,FALSE,FALSE,,有,D,43,TRUE,TRUE,FALSE,TRUE,TRUE,TRUE,TRUE,有機,"1,4-Dibromo-2,5-dimethoxybenzene",2674-34-2,Combi-Blocks,1,S,5g,,,,,,,,,,,,,,,,,,,,,No GHS
FALSE,FALSE,FALSE,,有,D,44,TRUE,TRUE,FALSE,TRUE,TRUE,TRUE,TRUE,有機,"2,5-Dibromohydroquinone",14753-51-6,Combi-Blocks,1,S,25g,,,,,,,,,,,,,,,,,,,,,No GHS
FALSE,FALSE,FALSE,,有,D,46,FALSE,FALSE,FALSE,TRUE,FALSE,TRUE,FALSE,冰箱,"2,5-Dibromothiophene",3141-27-3,ACROS,1,L,25G,,,,,,,,,,,,,,,,,,,,,
FALSE,FALSE,FALSE,,有,D,47,FALSE,FALSE,FALSE,TRUE,FALSE,TRUE,FALSE,冰箱,"1,2-Dibromo-4,5-difluorobenzene",64695-78-9,ACROS,1,L,100G,,,,,,,,,,,,,,,,,,,,,
FALSE,FALSE,FALSE,,有,D,48,FALSE,FALSE,FALSE,TRUE,FALSE,TRUE,FALSE,冰箱,"3,4-Dibromothiophene",3141-26-2,ACROS,1,L,25G,,,,,,,,,,,,,,,,,,,,,
FALSE,TRUE,TRUE,,有,D,49,TRUE,TRUE,FALSE,TRUE,FALSE,TRUE,TRUE,液體,Diethyl 2-bromoethylphosphonate,5324-30-1,Combi-Blocks,2,L,100g,,,,,,,,,,,,,,,,,,,,,No GHS
FALSE,FALSE,FALSE,,有,D,50,TRUE,TRUE,FALSE,TRUE,TRUE,TRUE,TRUE,有機,2-(Dicyclohexylphosphino)biphenyl,247940-06-3,AK Scientific,1,S,5g,,,,,,,,,,,,,,,,,,,,,
TRUE,TRUE,TRUE,0,有,D,51,TRUE,TRUE,FALSE,TRUE,TRUE,TRUE,TRUE,有機,2 7-Dibromo-9H-carbazole,136630-39-2,Combi-Blocks,1,S,100g,NO GHS,,,,,,,,,,,,,,,,,,,,No GHS
FALSE,FALSE,FALSE,,有,D,52,FALSE,FALSE,FALSE,FALSE,FALSE,FALSE,FALSE,冰箱,"2,2Diphenyl-1-picrylhydrazyl",1898-66-4,AK Scientific,1,L,1g,,,,,,,,,,,,,,,,,,,,,
FALSE,FALSE,FALSE,,有,D,53,FALSE,FALSE,FALSE,FALSE,FALSE,TRUE,FALSE,冰箱,"3,7-Dihydrobenzo[1,2-b:4,5-b']difuran-2,6-dione",30272-74-3,ANGENE,1,S,1g,,,,,,,,,,,,,,,,,,,,,No GHS
FALSE,FALSE,FALSE,,有,D,54,TRUE,TRUE,FALSE,TRUE,FALSE,FALSE,TRUE,液體,Diethyl cyanomethylphosphonate,2537-48-6,Combi-Blocks,4+2+1,L,25g/100g/500g,,,,,,,,,,,,,,,,,,,,,No GHS
FALSE,FALSE,FALSE,,有,D,55,FALSE,FALSE,FALSE,FALSE,FALSE,FALSE,FALSE,液體,Dieth,2537-48-6,Combi-Blocks,1,L,25g,,,,,,,,,,,,,,,,,,,,,No GHS
FALSE,FALSE,FALSE,,有,D,56,TRUE,TRUE,FALSE,FALSE,TRUE,TRUE,TRUE,有機,"4,7-Dibromo-5,6-difluoro-2,1,3-benzothiadiazole",1295502-53-2,Combi-Blocks,2,S,5g,,,,,,,,,,,,,,,,,,,,,
FALSE,FALSE,FALSE,,有,D,57,TRUE,TRUE,FALSE,TRUE,FALSE,TRUE,TRUE,Hood1(其它),"Diphenylether, 99%",101-84-8,thermo scientific,1,L,1000g,,,,,,,,,,,,,,,,,,,,,
FALSE,FALSE,FALSE,,有,D,58,TRUE,TRUE,FALSE,TRUE,TRUE,TRUE,TRUE,液體,"1,4-Dibromobutane",110-52-1,AK Scientific,2,L,100g,,,,,,,,,,,,,,,,,,,,,
FALSE,FALSE,FALSE,,有,D,59,TRUE,TRUE,FALSE,TRUE,TRUE,FALSE,TRUE,液體,"N1,N2-Di-tert-butylethane-1,2-diamine",4062-60-6,AK Scientific,1,L,25ml,,,,,,,,,,,,,,,,,,,,,
FALSE,FALSE,FALSE,,有,D,60,TRUE,TRUE,FALSE,FALSE,TRUE,FALSE,FALSE,液體,"Di-n-butyltin dilaurate, 95%",77-58-7,thermo scientific,1,L,100g,,,,,,,,,,,,,,,,,,,,,
FALSE,FALSE,FALSE,,有,D,61,TRUE,TRUE,FALSE,FALSE,TRUE,TRUE,TRUE,有機,"4,5-Difluorophthalic anhydride",18959-30-3,Combi-Blocks,1,S,10g,,,,,,,,,,,,,,,,,,,,,
FALSE,FALSE,FALSE,,有,D,62,TRUE,TRUE,FALSE,FALSE,TRUE,FALSE,FALSE,有機,"5,11-Dihydroindolo[3,2-b]carbazole
",6336-32-9,AK Scientific,1,S,5g,,,,,,,,,,,,,,,,,,,,,
FALSE,FALSE,FALSE,,有,D,63,TRUE,TRUE,FALSE,TRUE,TRUE,FALSE,TRUE,液體,"1,2-Dibromoethane",106-93-4,,1,S,250ml,,,,,,,,,,,,,,,,,,,,,
FALSE,FALSE,FALSE,,有,D,64,FALSE,FALSE,FALSE,TRUE,TRUE,FALSE,TRUE,有機,"2,7-Naphthalenediol",582-17-2,AK Scientific,1+1,S,100g/250g,,,,,,,,,,,,,,,,,,,,,
FALSE,FALSE,FALSE,,有,D,65,FALSE,FALSE,FALSE,FALSE,FALSE,FALSE,FALSE,冰箱,Diethyl (3-Bromopropyl)phosphonate,1186-10-3,bldpharm,1,L,100g,,,,,,,,,,,,,,,,,,,,,
FALSE,FALSE,FALSE,,有,D,66,FALSE,FALSE,FALSE,FALSE,FALSE,FALSE,FALSE,冰箱,Diethyl (bromomethyl)phosphonate,66197-72-6,bldpharm,1,L,100g,,,,,,,,,,,,,,,,,,,,,
FALSE,FALSE,FALSE,,有,D,67,FALSE,FALSE,FALSE,FALSE,FALSE,FALSE,FALSE,冰箱,Diethyl (4-bromobutyl)phosphonate,63075-66-1,bldpharm,1,L,100g,,,,,,,,,,,,,,,,,,,,,
FALSE,FALSE,FALSE,,有,D,68,FALSE,FALSE,FALSE,FALSE,FALSE,FALSE,FALSE,液體,"1,8‑Dibromooctane",4549-32-0,Alfa Aesar,1,L,50g,,,,,,,,,,,,,,,,,,,,,
FALSE,FALSE,FALSE,,有,D,69,FALSE,FALSE,FALSE,FALSE,FALSE,FALSE,FALSE,Hood4,Dimethyl carbonate,616-38-6,Alfa Aesar,1,L,500g,,,,,,,,,,,,,,,,,,,,,
FALSE,FALSE,FALSE,,有,D,70,FALSE,FALSE,FALSE,FALSE,FALSE,FALSE,FALSE,液體,"1,2-Dichloroethane",107-06-2,Alfa Aesar,1,L,500g/2500ml,,,,,,,,,,,,,,,,,,,,,
FALSE,FALSE,FALSE,,有,D,71,FALSE,FALSE,FALSE,FALSE,FALSE,FALSE,FALSE,有機,"1,5-Dihydroxynaphthalene",83-56-7,Alfa Aesar,1,L,500g,,,,,,,,,,,,,,,,,,,,,
FALSE,FALSE,FALSE,,有,D,72,FALSE,FALSE,FALSE,FALSE,FALSE,FALSE,FALSE,Hood4,1.2‑Dichlorobenzene,95-50-1,Alfa Aesar,1,L,1L,,,,,,,,,,,,,,,,,,,,,
FALSE,FALSE,FALSE,,有,D,73,FALSE,FALSE,FALSE,FALSE,FALSE,FALSE,FALSE,有機,"4,4'-(2,7-Dibromo-9H-fluorene-9,9-diyl)diphenol",169169-89-5,Lumtec,1,S,10g,,,,,,,,,,,,,,,,,,,,,
FALSE,FALSE,FALSE,,有,D,74,FALSE,FALSE,FALSE,FALSE,FALSE,FALSE,FALSE,冰箱,"2,9-Di(pyridin-4-yl)anthra[2,1,9-def:6,5,10-d'e'f']diisoquinoline-1,3,8,10(2h,9h)-tetraone",136847-29-5,Lumtec,1,S,25g,,,,,,,,,,,,,,,,,,,,,
FALSE,FALSE,FALSE,,有,D,75,FALSE,FALSE,FALSE,FALSE,FALSE,FALSE,FALSE,冰箱,"4,4-di(4H-1,2,4-triazol-4-yl)-1,1-biphenyl",2057437-56-4,Lumtec,1,S,25g,,,,,,,,,,,,,,,,,,,,,
FALSE,FALSE,FALSE,,,,,FALSE,FALSE,FALSE,FALSE,FALSE,FALSE,FALSE,,,,,,,,,,,,,,,,,,,,,,,,,,,,
FALSE,FALSE,FALSE,,有,E,1,TRUE,TRUE,FALSE,TRUE,TRUE,FALSE,TRUE,液體,Ethanol,64-17-5,Honetwell,1,L,2500ml,,,,,,,,,,,,,,,,,,,,,
FALSE,FALSE,FALSE,,有,E,2,TRUE,TRUE,FALSE,TRUE,FALSE,FALSE,TRUE,液體,"1,2-Ethanedithiol",540-63-6,Alfa Aesar,2,L,100ml,,,,,,,,,,,,,,,,,,,,,no GHS
FALSE,FALSE,FALSE,,有,E,3,FALSE,FALSE,FALSE,TRUE,FALSE,TRUE,FALSE,冰箱,2-ethylhexyl bromide 95%,18908-66-2,ACROS,1,L,100ml,,,,,,,,,,,,,,,,,,,,,
,,,,有,E,4,TRUE,TRUE,FALSE,TRUE,TRUE,FALSE,TRUE,液體,Ethylene glycol,107-21-1,Sample瓶/fisher chemical,0,L,20ml/1000ml,,,,,,,,,,,,,,,,,,,,,no GHS
FALSE,FALSE,FALSE,,有,E,5,TRUE,TRUE,FALSE,FALSE,FALSE,TRUE,FALSE,有機,4-ethoxycarbonylphenylboronic acid 97%,4334-88-7,AK Scientific,2,S,100g,NO GHS,,,,,,,,,,,,,,,,,,,,no GHS
TRUE,TRUE,TRUE,,有,E,6,TRUE,TRUE,TRUE,TRUE,TRUE,TRUE,TRUE,液體,Ethyl-4-bromobenzoate,5798-75-4,AK Scientific,1,L,100g,,,,,,,,,,,,,,,,,,,,,no GHS
,,,,有,E,7,TRUE,TRUE,FALSE,FALSE,FALSE,TRUE,TRUE,有機,3-ethoxycarbonylphenylboronic acid ,4334-87-6,Combi-Blocks,1,S,25g,NO GHS,,,,,,,,,,,,,,,,,,,,no GHS
,,,,有,E,8,TRUE,TRUE,FALSE,FALSE,FALSE,TRUE,FALSE,有機,Ethyl 4-aminobenzoate,94-09-7,AK Scientific,1,S,25g,NO GHS,,,,,,,,,,,,,,,,,,,,no GHS
,,,,有,E,9,FALSE,FALSE,FALSE,FALSE,FALSE,TRUE,FALSE,有機,Ethyl 4-bromobutyrate,2969-81-5,AK Scientific,1,L,100g,,,,,,,,,,,,,,,,,,,,,no GHS
,,,,有,E,10,FALSE,FALSE,FALSE,FALSE,FALSE,TRUE,FALSE,有機,"4-Ethyl-1,4,7,8-tetrahydro-3H,10H-spiro[pyrano[3,4-f]indolizine-6,2'-[1,3]dioxolane]-3,10-dione",127318-97-2,Lumtec,1,S,5g,,,,,,,,,,,,,,,,,,,,,no GHS
,,,,,,,FALSE,FALSE,FALSE,,,,,,,,,,,,,,,,,,,,,,,,,,,,,,,,
FALSE,FALSE,FALSE,,有,F,1,TRUE,FALSE,FALSE,TRUE,FALSE,TRUE,TRUE,有機,Formamidine acetate,3473-63-0,Alfa Aesar,1,S,100g,,,,,,,,,,,,,,,,,,,,,
FALSE,FALSE,FALSE,,有,F,2,TRUE,TRUE,FALSE,TRUE,TRUE,FALSE,TRUE,液體,2-Furoyl chloride,527-69-5,Acros,2,L,25ml,,,,,,,,,,,,,,,,,,,,,
FALSE,FALSE,FALSE,,有,F,3,TRUE,TRUE,FALSE,TRUE,FALSE,TRUE,TRUE,冰箱,5-Formyl-2-thienylboronic acid,4347-33-5,ACROS,1,S,5g,,,,,,,,,,,,,,,,,,,,,
FALSE,FALSE,FALSE,,有,F,3-1,TRUE,TRUE,FALSE,TRUE,FALSE,TRUE,TRUE,冰箱,5-Formyl-2-thienylboronic acid,4347-33-5,matrix,1,S,5g,,,,,,,,,,,,,,,,,,,,,
FALSE,FALSE,FALSE,,有,F,4,TRUE,TRUE,FALSE,FALSE,FALSE,TRUE,TRUE,有機,"9-Fluorenone,99+%",486-25-9,ACROS,1,S,500g,,,,,,,,,,,,,,,,,,,,,
TRUE,TRUE,TRUE,,有,F,5,TRUE,TRUE,FALSE,TRUE,FALSE,TRUE,TRUE,有機,5-Formyl-2-boronic acid,27329-70-0,Alfa Aesar,1,S,5g,,,,,,,,,,,,,,,,,,,,,
FALSE,FALSE,FALSE,,有,F,7,TRUE,TRUE,FALSE,TRUE,TRUE,FALSE,TRUE,液體,3-Fluorophenol,372-20-3,ACROS,1,L,50ml,,,,,,,,,,,,,,,,,,,,,
FALSE,TRUE,FALSE,,有,F,8,TRUE,TRUE,FALSE,TRUE,FALSE,TRUE,TRUE,有機,,,AK Scientific,1,S,5g,,,,,,,,,,,,,,,,,,,,,NO GHS
FALSE,FALSE,FALSE,,有,F,9,TRUE,FALSE,FALSE,TRUE,FALSE,TRUE,TRUE,有機,,,AK Scientific,1,S,100g,,,,,,,,,,,,,,,,,,,,,
FALSE,FALSE,FALSE,,有,F,10,TRUE,TRUE,FALSE,TRUE,FALSE,TRUE,TRUE,有機,5-Formyl-2-thiopheneboronic acid,4347-33-5,Alfa Aesar,1,S,100g,,,,,,,,,,,,,,,,,,,,,
FALSE,FALSE,FALSE,,有,F,11,TRUE,TRUE,FALSE,TRUE,TRUE,FALSE,TRUE,液體,4-Fluorobenzeneboronic acid,1765-93-1,Alfa Aesar,1,L,25g,,,,,,,,,,,,,,,,,,,,,
,,,,有,F,12,TRUE,TRUE,FALSE,FALSE,FALSE,FALSE,FALSE,有機,4-Fluorophenol 99%,371-41-5,Combi-Blocks,1+1,L,25g/100g,,,,,,,,,,,,,,,,,,,,,
,,,,有,F,13,TRUE,TRUE,FALSE,TRUE,FALSE,TRUE,TRUE,有機,4-Fluorobenzaldehyde 98%,459-57-4,AK Scientific,1+1,S,25g/100g,,,,,,,,,,,,,,,,,,,,,
,,,,有,F,14,TRUE,TRUE,FALSE,TRUE,FALSE,TRUE,TRUE,液體,3-Fluoro-4-methoxyaniline98%,366-99-4,Alfa Aesar,1,S,50g,,,,,,,,,,,,,,,,,,,,,
,,,,有,F,15,FALSE,FALSE,FALSE,TRUE,FALSE,TRUE,TRUE,有機,2-Fluoro-4-(methoxycarbonyl)phenylboronic Acid (contains varying amounts of Anhydride),603122-84-5,Luminescence,1,S,25g,,,,,,,,,,,,,,,,,,,,,
,,,,有,F,16,FALSE,FALSE,FALSE,TRUE,FALSE,TRUE,TRUE,冰箱,3-Fluoro-4-(methoxycarbonyl)phenylboronic Acid (contains varying amounts of Anhydride),505083-04-5,Luminescence,1,S,25g,,,,,,,,,,,,,,,,,,,,,
,,,,,,,FALSE,FALSE,FALSE,,,,,,,,,,,,,,,,,,,,,,,,,,,,,,,,
FALSE,FALSE,FALSE,,有,H,1,FALSE,FALSE,FALSE,FALSE,FALSE,TRUE,TRUE,有機,(1-Hexadecyl) Trithyl-ammonium bromide,57-09-0,Alfa Aesar,2,S,500g,,,,,,,,,,,,,,,,,,,,,
FALSE,FALSE,FALSE,,有,H,1-1,FALSE,FALSE,FALSE,FALSE,FALSE,TRUE,TRUE,有機,(1-Hexadecyl) Trithyl-ammonium bromide,57-09-0,Acros,2,S,500g,,,,,,,,,,,,,,,,,,,,,
FALSE,FALSE,FALSE,,有,H,2,FALSE,TRUE,FALSE,FALSE,FALSE,TRUE,FALSE,防潮箱,"(4h-cyclopenta)2,1-b：3,4b')dithiophene-4-one",25796-77-4,yushing,1,S,100g,NO GHS,,,,,,,,,,,,,,,,,,,,
FALSE,FALSE,FALSE,,有,H,3,FALSE,FALSE,FALSE,TRUE,FALSE,TRUE,FALSE,冰箱,"4H-Cyclopenta[2,1-b;3,4-b']dithiophene",389-58-2,yushing,1,S,100g,,,,,,,,,,,,,,,,,,,,,No GHS
FALSE,FALSE,FALSE,,有,H,3-1,FALSE,FALSE,FALSE,TRUE,FALSE,TRUE,FALSE,冰箱,"4H-Cyclopenta[2,1-b;3,4-b']dithiophene",389-58-2,Luminescence,1,S,50g,,,,,,,,,,,,,,,,,,,,,No GHS
FALSE,FALSE,FALSE,,有,H,4,FALSE,FALSE,FALSE,TRUE,FALSE,TRUE,FALSE,冰箱,3-Hexyl-2-thlophenebronic acid pinacol ester,850881-09-3,AK scientific,1,S,1g,,,,,,,,,,,,,,,,,,,,,
FALSE,FALSE,FALSE,,有,H,5,FALSE,FALSE,FALSE,TRUE,FALSE,TRUE,FALSE,冰箱,Histamine,51-45-6,Combi-Blocks,1,S,5g,,,,,,,,,,,,,,,,,,,,,No GHS
FALSE,FALSE,FALSE,,有,H,6,FALSE,FALSE,FALSE,TRUE,FALSE,TRUE,FALSE,冰箱,4-Hydroxybenzeneboronic acid,71597-85-8,Alfa Aesar,1,L,5G,,,,,,,,,,,,,,,,,,,,,
FALSE,FALSE,FALSE,,有,H,7,TRUE,TRUE,FALSE,FALSE,TRUE,FALSE,TRUE,液體,Hexabutylditin (Bis(tributyltin)),813-19-4,Combi-Blocks,1,L,25G,,,,,,,,,,,,,,,,,,,,,NO GHS
FALSE,FALSE,FALSE,,有,H,8,TRUE,FALSE,FALSE,FALSE,FALSE,FALSE,TRUE,有機,10H-Phenselenazine,262-05-5,Yushing,1,S,10G,,,,,,,,,,,,,,,,,,,,,NO GHS
FALSE,FALSE,FALSE,,有,H,8-1,TRUE,TRUE,FALSE,FALSE,FALSE,FALSE,TRUE,有機,10H-Phenselenazine,262-05-5,Luminescence,1,S,25g,,,,,,,,,,,,,,,,,,,,,NO GHS
FALSE,FALSE,FALSE,,有,H,9,TRUE,TRUE,FALSE,FALSE,FALSE,FALSE,TRUE,有機,"4H-Dithieno[3,2-b:2',3'-d]pyrrole",88537-32-0,Yushing,2,S,5G/10g,,,,,,,,,,,,,,,,,,,,,NO GHS
FALSE,FALSE,FALSE,,有,H,10,FALSE,FALSE,FALSE,FALSE,FALSE,FALSE,TRUE,冰箱,3-Hydroxybenzeneboronic acid,87199-18-6,Luminescence,1,S,50g,,,,,,,,,,,,,,,,,,,,,NO GHS
FALSE,FALSE,FALSE,,有,H,11,FALSE,FALSE,FALSE,FALSE,FALSE,FALSE,TRUE,冰箱,"4,4'-(1H-1,2,4-Triazole-3,5-diyl)dipyridine",4329-78-6,Luminescence,1,S,25g,,,,,,,,,,,,,,,,,,,,,NO GHS
,,,,,,,FALSE,FALSE,FALSE,,,,,,,,,,,,,,,,,,,,,,,,,,,,,,,,
FALSE,FALSE,FALSE,,有,I,1,TRUE,TRUE,FALSE,TRUE,FALSE,TRUE,FALSE,有機,4-Iodophenol,540-38-5,Alfa Aesar,1,S,25g,,,,,,,,,,,,,,,,,,,,,
FALSE,FALSE,FALSE,,有,I,1-1,TRUE,TRUE,FALSE,TRUE,FALSE,TRUE,FALSE,有機,4-Iodophenol,540-38-5,AK scientific/lumtec,1+4,S,25g/100g,,,,,,,,,,,,,,,,,,,,,
FALSE,FALSE,FALSE,,有,I,1-2,FALSE,TRUE,FALSE,TRUE,FALSE,TRUE,FALSE,有機,4-Iodophenol,540-38-5,Lumtec,1,S,100g,,,,,,,,,,,,,,,,,,,,,
FALSE,FALSE,FALSE,,有,I,2,FALSE,FALSE,FALSE,TRUE,FALSE,TRUE,FALSE,冰箱,"2-Isopropoxy-4,4,5,5-tetrathyl-1,3,2-dioxaborolane",61676-62-8,AK scientific,3,L,100ml/25g/100g,,,,,,,,,,,,,,,,,,,,,
FALSE,FALSE,FALSE,,有,I,3,TRUE,FALSE,FALSE,TRUE,FALSE,TRUE,TRUE,有機,4-iodoanisole,696-62-8,thermo scientific,3+1,S,100g/500g,,,,,,,,,,,,,,,,,,,,,
FALSE,FALSE,FALSE,,有,I,4,TRUE,FALSE,FALSE,TRUE,FALSE,TRUE,TRUE,有機,"1h,1h,2h,2h-perfluoro-1-Iododecane",2043-53-0,Alfa Aesar,1,S,10g,,,,,,,,,,,,,,,,,,,,,
TRUE,TRUE,TRUE,,有,I,5,TRUE,TRUE,FALSE,TRUE,FALSE,TRUE,TRUE,有機,Iodopentafluorobenzene,827-15-6,TCI /Aldrich,2,S,5g/5g,,,,,,,,,,,,,,,,,,,,,
FALSE,FALSE,FALSE,,有,I,6,FALSE,FALSE,FALSE,TRUE,FALSE,TRUE,FALSE,冰箱,Iodobenzene,591-50-4,ACROS,2,L,100ml,,,,,,,,,,,,,,,,,,,,,
FALSE,FALSE,FALSE,,有,I,7,TRUE,TRUE,FALSE,TRUE,FALSE,FALSE,TRUE,液體,1-iododecane,2050-77-3,未知,1,L,100ml,,,,,,,,,,,,,,,,,,,,,
FALSE,FALSE,FALSE,,有,I,8,TRUE,TRUE,FALSE,TRUE,FALSE,TRUE,TRUE,有機,4-Iodobenzoic acid 98%,619-58-9,ACROS,1,S,50g,,,,,,,,,,,,,,,,,,,,,
FALSE,FALSE,FALSE,,有,I,9,TRUE,TRUE,FALSE,TRUE,FALSE,TRUE,TRUE,有機,4-Iodoaniline 99%,540-37-4,ACROS,1,S,25g,,,,,,,,,,,,,,,,,,,,,
FALSE,FALSE,FALSE,,有,I,10,TRUE,TRUE,FALSE,TRUE,TRUE,FALSE,TRUE,液體,5-Iodo-m-xylene 99%,22445-41-6,ACROS,1,L,25ml,,,,,,,,,,,,,,,,,,,,,NO GHS
FALSE,FALSE,FALSE,,有,I,11,TRUE,TRUE,FALSE,TRUE,TRUE,FALSE,TRUE,液體,4-Iodo-m-xylene 95%,4214-28-2,ACROS,1,L,25g,,,,,,,,,,,,,,,,,,,,,NO GHS
FALSE,FALSE,FALSE,,有,I,12,TRUE,TRUE,FALSE,TRUE,TRUE,FALSE,TRUE,液體,1-iodonaphthalene,90-14-2,ACROS,1,L,10ml,,,,,,,,,,,,,,,,,,,,,
FALSE,FALSE,FALSE,,有,I,13,TRUE,TRUE,FALSE,FALSE,FALSE,TRUE,TRUE,有機,Indol,120-72-9,FERAK Berlin,2,S,10g,NO GHS,,,,,,,,,,,,,,,,,,,,NO GHS
FALSE,FALSE,FALSE,,有,I,14,TRUE,TRUE,FALSE,FALSE,FALSE,FALSE,FALSE,防潮箱,Imidazole 99%,288-32-4,Thermo scientific,1,S,100g,,,,,,,,,,,,,,,,,,,,,
FALSE,FALSE,FALSE,,有,I,14-1,TRUE,TRUE,FALSE,FALSE,FALSE,FALSE,FALSE,防潮箱,Imidazole,288-32-4,Lumtec,1,S,250g,,,,,,,,,,,,,,,,,,,,,
FALSE,FALSE,FALSE,,有,I,15,TRUE,TRUE,FALSE,FALSE,FALSE,FALSE,FALSE,有機,4-Iodothioanisole,35371-03-0,Combi-Blocks,1,S,25g,,,,,,,,,,,,,,,,,,,,,
FALSE,FALSE,FALSE,,,,,FALSE,FALSE,FALSE,,,,,,,,,,,,,,,,,,,,,,,,,,,,,,,,
FALSE,FALSE,FALSE,,有,L,1,TRUE,TRUE,FALSE,TRUE,FALSE,TRUE,TRUE,有機,Lawesson's Reagent,19172-47-5,Alfa Aesar,2,S,25g,,,,,,,,,,,,,,,,,,,,,
FALSE,FALSE,FALSE,,有,L,2,TRUE,FALSE,FALSE,TRUE,TRUE,TRUE,TRUE,有機,L-Aspartic acid,56-84-8,AK scientific,1,S,100g,,,,,,,,,,,,,,,,,,,,,
FALSE,FALSE,FALSE,,,,,FALSE,FALSE,FALSE,,,,,,,,,,,,,,,,,,,,,,,,,,,,,,,,
FALSE,FALSE,FALSE,,有,M,1,FALSE,FALSE,FALSE,FALSE,FALSE,TRUE,FALSE,冰箱,3-thoxythiophene-2-boronic acid pinacol ester,1310384-98-5,Combi-Blocks,3,S,1g,,,,,,,,,,,,,,,,,,,,,
FALSE,FALSE,FALSE,,有,M,2,TRUE,TRUE,FALSE,FALSE,TRUE,FALSE,FALSE,液體,4-(methylthio)aniline,104-96-1,Combi-Blocks,3,L,25g,,,,,,,,,,,,,,,,,,,,,
FALSE,FALSE,FALSE,,有,M,3,FALSE,FALSE,FALSE,FALSE,TRUE,FALSE,TRUE,有機,sitylene,108-67-8 ,ACROS,1,L,250ml,,,,,,,,,,,,,,,,,,,,,
FALSE,FALSE,FALSE,,有,M,3,TRUE,TRUE,FALSE,FALSE,TRUE,FALSE,FALSE,有機,sitylene,108-67-8 ,Merck,1,L,100ml,,,,,,,,,,,,,,,,,,,,,
FALSE,FALSE,FALSE,,有,M,4,TRUE,TRUE,FALSE,TRUE,FALSE,TRUE,TRUE,有機,4-methylbenzenesulfonic acid,104-15-4,Angene,4,S,25g,,,,,,,,,,,,,,,,,,,,,
FALSE,FALSE,TRUE,,有,M,4-2,TRUE,TRUE,FALSE,TRUE,FALSE,TRUE,TRUE,有機,p-Toluenesulfonic acid,104-15-4,Combi-Blocks,1,S,5g,,,,,,,,,,,,,,,,,,,,,
FALSE,FALSE,FALSE,,有,M,6,TRUE,TRUE,FALSE,FALSE,TRUE,FALSE,FALSE,液體,Malononitrile,109-77-3,Alfa Aesar,1,L,500ml,,,,,,,,,,,,,,,,,,,,,
FALSE,FALSE,FALSE,,有,M,6-2,TRUE,TRUE,FALSE,FALSE,FALSE,FALSE,FALSE,液體,Malononitrile,109-77-3,Alfa Aesar,1,L,100ml,,,,,,,,,,,,,,,,,,,,,
FALSE,FALSE,FALSE,,有,M,7,FALSE,FALSE,FALSE,TRUE,FALSE,TRUE,FALSE,冰箱,4-Mercaptopyridine,4556-23-4,Combi-Blocks,2,S,25g,,,,,,,,,,,,,,,,,,,,,
FALSE,FALSE,FALSE,,有,M,8,TRUE,TRUE,FALSE,TRUE,FALSE,FALSE,TRUE,液體,methylamine,74-89-5,ACROS,1,L,1000ml,,,,,,,,,,,,,,,,,,,,,
FALSE,FALSE,FALSE,,有,M,9,FALSE,FALSE,FALSE,TRUE,FALSE,TRUE,FALSE,冰箱,methylamine anhydrous,74-89-5,ACROS,1,L,250ml,,,,,,,,,,,,,,,,,,,,,
FALSE,FALSE,FALSE,,有,M,10,TRUE,TRUE,FALSE,TRUE,FALSE,FALSE,TRUE,液體,Methylmagnesium bromide,75-16-1,Thermo scientific,1,L,100ml,,,,,,,,,,,,,,,,,,,,,
FALSE,FALSE,FALSE,,有,M,11,TRUE,TRUE,FALSE,TRUE,FALSE,TRUE,TRUE,有機,4-methoxyphenylboronic acid,5720-07-0,Combi-Blocks,2,S,100g/25g,,,,,,,,,,,,,,,,,,,,,
FALSE,FALSE,FALSE,,有,M,12,FALSE,FALSE,FALSE,TRUE,FALSE,TRUE,FALSE,冰箱,2-Methoxyphenylboronic acid 97%,5720-06-9,Matrix ,1,S,25g,,,,,,,,,,,,,,,,,,,,,no GHS
FALSE,FALSE,FALSE,,有,M,13,FALSE,FALSE,FALSE,TRUE,FALSE,TRUE,FALSE,冰箱,2-Methylthiophene 97%,554-14-3,Merck,1,L,25ml,,,,,,,,,,,,,,,,,,,,,no GHS
FALSE,FALSE,FALSE,,有,M,14,TRUE,TRUE,FALSE,FALSE,FALSE,TRUE,TRUE,有機,4-(Methylthio)phenylboronic acid 98%,98546-51-1,AK Scientific,1,S,25g,NO GHS,,,,,,,,,,,,,,,,,,,,no GHS
FALSE,FALSE,FALSE,,有,M,15,TRUE,TRUE,FALSE,FALSE,FALSE,TRUE,TRUE,液體,4-Methoxypyridine,620-08-6,TCI,1,L,25g,,,,,,,,,,,,,,,,,,,,,no GHS
FALSE,FALSE,FALSE,,,,.,FALSE,FALSE,FALSE,,,,,,,,,,,,,,,,,,,,,,,,,,,,,,,,
FALSE,FALSE,FALSE,,有,N,1,FALSE,FALSE,FALSE,TRUE,FALSE,TRUE,FALSE,有機,N-Chlorosuccinimide (NCS),128-09-6,UniRegion Bio-Tech,1,S,250g,,,,,,,,,,,,,,,,,,,,,
FALSE,FALSE,FALSE,,有,N,2,FALSE,FALSE,FALSE,TRUE,FALSE,TRUE,TRUE,有機,"Naphtho[1,2-b:5,6-b']dithiophene",217-19-6,Lumtec,1,S,1g,,,,,,,,,,,,,,,,,,,,,
FALSE,FALSE,FALSE,,有,N,3,TRUE,TRUE,FALSE,FALSE,FALSE,TRUE,FALSE,有機,4-Nitrophenol,100-02-7,Acros,1,S,1000g,,,,,,,,,,,,,,,,,,,,,
FALSE,FALSE,FALSE,,有,N,4,FALSE,FALSE,FALSE,TRUE,FALSE,TRUE,FALSE,冰箱,N-bromosuccinimide (NBS),128-08-5,Alfa Aesar,2,S,500g/100g,,,,,,,,,,,,,,,,,,,,,
FALSE,FALSE,FALSE,,有,N,5,TRUE,TRUE,FALSE,FALSE,TRUE,FALSE,TRUE,液體,Nitrothane,75-52-5,Acros,1,L,2500ml,,,,,,,,,,,,,,,,,,,,,
FALSE,FALSE,FALSE,,有,N,6,FALSE,FALSE,FALSE,TRUE,FALSE,TRUE,FALSE,冰箱,N-iodosuccinimide (NIS),516-12-1,Alfa Aesar,1,S,100g,,,,,,,,,,,,,,,,,,,,,
FALSE,FALSE,FALSE,,有,N,,FALSE,FALSE,FALSE,TRUE,FALSE,TRUE,FALSE,冰箱,N-Iodosuccinimide,516-12-1,matrix,1,S,100G,,,,,,,,,,,,,,,,,,,,,
FALSE,FALSE,FALSE,,有,N,7,FALSE,FALSE,FALSE,TRUE,FALSE,TRUE,FALSE,冰箱,2-NAPHTHALENEBORONIC ACID,32316-92-0,立方科技,1,S,25g,,,,,,,,,,,,,,,,,,,,,
FALSE,FALSE,FALSE,,有,N,8,FALSE,FALSE,FALSE,TRUE,FALSE,TRUE,FALSE,冰箱,4-Nitrobenzeneboronic acid 95%.,24067-17-2,Alfa Aesar,1,S,5g,,,,,,,,,,,,,,,,,,,,,no GHS
FALSE,FALSE,FALSE,,有,N,9,FALSE,FALSE,FALSE,TRUE,FALSE,TRUE,FALSE,冰箱,4-Nitrothiophenol 80%.,1849-36-1,A,1,S,5g,,,,,,,,,,,,,,,,,,,,,no GHS
FALSE,FALSE,FALSE,,有,N,10,TRUE,TRUE,FALSE,TRUE,FALSE,TRUE,TRUE,有機,"N-Phenyl-1,4-phenylenediamine",101-54-2,Aldrich,1,S,100g,,,,,,,,,,,,,,,,,,,,,
FALSE,FALSE,FALSE,,有,N,11,TRUE,TRUE,FALSE,TRUE,FALSE,TRUE,TRUE,有機,1-Naphthol,90-15-3,AK Scientific,2,S,25g,,,,,,,,,,,,,,,,,,,,,
FALSE,FALSE,FALSE,,有,N,12,TRUE,TRUE,FALSE,TRUE,FALSE,TRUE,TRUE,有機,"N1,N2-Bis(4-hydroxy-2,6-dimethylphenyl)oxalamide",1809288-95-6,AK Scientific,1,S,5g,,,,,,,,,,,,,,,,,,,,,
FALSE,FALSE,FALSE,,有,N,13,TRUE,TRUE,FALSE,TRUE,FALSE,TRUE,TRUE,有機,N-Methyldicyclohexylamine,7560-83-0,AK Scientific,1+1,L,25g/250g,,,,,,,,,,,,,,,,,,,,,
,,,,,,,FALSE,FALSE,FALSE,,,,,,,,,,,,,,,,,,,,,,,,,,,,,,,,
FALSE,FALSE,FALSE,,有,O,1,TRUE,TRUE,FALSE,TRUE,TRUE,FALSE,TRUE,液體,1-Octyne,629-05-0,ACROS,1+1,L,25ml/250g,,,,,,,,,,,,,,,,,,,,,
FALSE,FALSE,FALSE,,有,O,2,FALSE,TRUE,FALSE,TRUE,TRUE,FALSE,TRUE,液體,1-Octadecylamine,204-695-3,Alfa Aesar,1,L,100g,,,,,,,,,,,,,,,,,,,,,
FALSE,FALSE,FALSE,,有,O,3,FALSE,TRUE,FALSE,TRUE,TRUE,FALSE,TRUE,液體,Oleylamine,112-90-3,Aldrich,1,L,100g,,,,,,,,,,,,,,,,,,,,,
,,,,,,,FALSE,FALSE,FALSE,,,,,,,,,,,,,,,,,,,,,,,,,,,,,,,,
FALSE,FALSE,FALSE,,有,P,1,TRUE,TRUE,FALSE,FALSE,FALSE,FALSE,FALSE,液體,-Poly(ethyene glyco)-,9003-11-6,Aldrich,1,L,1000g,,,,,,,,,,,,,,,,,,,,,
FALSE,FALSE,FALSE,,有,P,2,TRUE,TRUE,FALSE,TRUE,FALSE,TRUE,TRUE,防潮箱,Phthalic anhydride,85-44-9,sample瓶,1,S,25g,,,,,,,,,,,,,,,,,,,,,
FALSE,FALSE,FALSE,,有,P,3,TRUE,TRUE,FALSE,TRUE,FALSE,TRUE,TRUE,有機,pyridine-4-boronic acid pinacol ester,181219-01-2,AK Scientific,1,S,25g,,,,,,,,,,,,,,,,,,,,,
FALSE,FALSE,FALSE,,有,P,4,TRUE,TRUE,FALSE,TRUE,FALSE,TRUE,TRUE,有機,Pyrollitic dianhydride,89-32-7,AK Scientific,1,S,5g,,,,,,,,,,,,,,,,,,,,,
FALSE,FALSE,FALSE,,有,P,5,TRUE,TRUE,FALSE,TRUE,FALSE,TRUE,TRUE,有機,Phenothiazine,92-84-2,Alfa Aesar,1,S,250 g,,,,,,,,,,,,,,,,,,,,,
FALSE,FALSE,FALSE,,有,P,6,TRUE,TRUE,FALSE,TRUE,FALSE,TRUE,FALSE,有機,Phenol acs,108-95-2,Alfa Aesar,2,S,100g/1000g,,,,,,,,,,,,,,,,,,,,,
FALSE,FALSE,FALSE,,有,P,7,FALSE,FALSE,FALSE,TRUE,FALSE,TRUE,TRUE,有機,3-[pyridin-2-yl]-2H-chromen-2-one,837-97-8,Luntec,1,S,3g,,,,,,,,,,,,,,,,,,,,,no GHS
FALSE,FALSE,FALSE,,有,P,10,TRUE,TRUE,FALSE,TRUE,FALSE,TRUE,TRUE,有機,Pyridinium bromide,39416-48-3,ACROS,1,S,100g,,,,,,,,,,,,,,,,,,,,,
FALSE,FALSE,FALSE,,有,P,11,TRUE,TRUE,FALSE,TRUE,FALSE,TRUE,FALSE,有機,p-Anisidine,104-94-9,Thermo,1,S,250g,,,,,,,,,,,,,,,,,,,,,
FALSE,FALSE,FALSE,,有,P,11-1,TRUE,TRUE,FALSE,FALSE,FALSE,FALSE,FALSE,有機,p-Anisidine,104-94-9,Luminescence,1,S,250g,,,,,,,,,,,,,,,,,,,,,
FALSE,FALSE,FALSE,,有,P,12,TRUE,TRUE,FALSE,TRUE,TRUE,FALSE,TRUE,液體,2-Pyridineacetonitrile,2739-97-1,Alfa Aesar,2,L,25ml,,,,,,,,,,,,,,,,,,,,,
FALSE,FALSE,FALSE,,有,P,12-1,FALSE,FALSE,FALSE,TRUE,TRUE,FALSE,TRUE,液體,2-Pyridineacetonitrile,2739-97-1,Alfa Aesar,1,L,5ml,,,,,,,,,,,,,,,,,,,,,
FALSE,FALSE,FALSE,,有,P,13,FALSE,TRUE,FALSE,TRUE,TRUE,FALSE,TRUE,液體,piperidine,110-89-4,Alfa Aesar,2,L,500ml,,,,,,,,,,,,,,,,,,,,,
FALSE,FALSE,FALSE,,有,P,14,TRUE,TRUE,FALSE,TRUE,FALSE,TRUE,TRUE,有機,Pyrocatechol,120-80-9,sigma-alorich,1,S,100g,,,,,,,,,,,,,,,,,,,,,
FALSE,FALSE,FALSE,,有,P,15,FALSE,FALSE,FALSE,TRUE,FALSE,FALSE,FALSE,冰箱,3-Pyridinecarboxaldehyde,500-22-1,AK Scientific,1,L,5g,,,,,,,,,,,,,,,,,,,,,
FALSE,FALSE,FALSE,,有,P,16,FALSE,FALSE,FALSE,TRUE,FALSE,TRUE,FALSE,有機,Pyridin-4-ylmagnesium bromide,21970-15-0,yushing,1,L,25ml,,,,,,,,,,,,,,,,,,,,,
FALSE,FALSE,FALSE,,有,P,17,TRUE,TRUE,FALSE,TRUE,FALSE,TRUE,FALSE,有機,paraformaldehyde,no,showa,1,S,250g,,,,,,,,,,,,,,,,,,,,,
TRUE,TRUE,TRUE,,有,P,19,FALSE,FALSE,FALSE,TRUE,FALSE,TRUE,FALSE,冰箱,pivalic acid,75-98-9,Thermo,1,S,分裝,,,,,,,,,,,,,,,,,,,,,
FALSE,FALSE,FALSE,,有,P,20,TRUE,TRUE,FALSE,FALSE,FALSE,TRUE,TRUE,有機,Phenoxazine,135-67-1,Combi-Blocks,3,S,25g,NO GHS,,,,,,,,,,,,,,,,,,,,
FALSE,FALSE,FALSE,,有,P,20-1,TRUE,TRUE,FALSE,FALSE,FALSE,TRUE,TRUE,有機,Phenoxazine,135-67-1,Combi-Blocks,1,S,25g,,,,,,,,,,,,,,,,,,,,,
TRUE,TRUE,TRUE,,有,P,21,FALSE,FALSE,FALSE,TRUE,FALSE,TRUE,TRUE,有機,"1,4Phenylenediboronic acid,pinacol ester",99770-93-1,Combi-Blocks,1,S,5g,,,,,,,,,,,,,,,,,,,,,
FALSE,FALSE,FALSE,,有,P,22,FALSE,FALSE,FALSE,TRUE,FALSE,TRUE,FALSE,冰箱,Pheylboronic acid 98%,98-80-6,AK Scientific,1,S,100g,,,,,,,,,,,,,,,,,,,,,no GHS
FALSE,FALSE,FALSE,,有,P,23,FALSE,FALSE,FALSE,TRUE,FALSE,TRUE,FALSE,冰箱,4-Tolylboronic acid,5720-05-8,Aldrich,2,S,10+1g,,,,,,,,,,,,,,,,,,,,,no GHS
FALSE,FALSE,FALSE,,有,P,24,FALSE,FALSE,FALSE,TRUE,FALSE,TRUE,FALSE,冰箱,phenylboronic acid pinacol ester,24388-23-6,AK Scientific,1,固液共存,25g,,,,,,,,,,,,,,,,,,,,,
FALSE,FALSE,FALSE,,有,P,25,FALSE,FALSE,FALSE,FALSE,FALSE,FALSE,TRUE,有機,4-Phenylphenol 97%,92-69-3,ACROS,1,S,1000g,,,,,,,,,,,,,,,,,,,,,
FALSE,FALSE,FALSE,,有,P,26,TRUE,TRUE,FALSE,TRUE,FALSE,TRUE,TRUE,有機,"2,3,4,5,6-Pentafluoro-benzeneboronic acid 97%",1582-24-7,Alfa Aesar,1,S,5g,,,,,,,,,,,,,,,,,,,,,
,,,,有,P,27,TRUE,TRUE,FALSE,TRUE,FALSE,TRUE,TRUE,有機,2-[4-(carboxymethoxy)phenoxy]acetic acid,2245-53-6,BLDpharm,1,S,5g,,,,,,,,,,,,,,,,,,,,,no GHS
,,,,有,P,28,FALSE,FALSE,FALSE,FALSE,FALSE,TRUE,TRUE,有機,"4,4'-Dipyridylamine",1915-42-0,Combi-Blocks,1,S,5g,,,,,,,,,,,,,,,,,,,,,no GHS
,,,,有,P,29,FALSE,TRUE,FALSE,FALSE,FALSE,TRUE,FALSE,,Periodic acid,10450-60-9,AK Scientific,1,S,25g,NO GHS,,,,,,,,,,,,,,,,,,,,no GHS
,,,,有,P,30,FALSE,FALSE,FALSE,FALSE,FALSE,TRUE,FALSE,冰箱,Phenylhydrazine,100-63-0,Thermo scientific,2,L,250g,NO GHS,,,,,,,,,,,,,,,,,,,,no GHS
,,,,有,P,30-1,FALSE,FALSE,FALSE,FALSE,FALSE,TRUE,FALSE,冰箱,Phenylhydrazine,100-63-0,Thermo scientific,1,L,1000g,NO GHS,,,,,,,,,,,,,,,,,,,,no GHS
,,,,有,P,31,TRUE,TRUE,FALSE,FALSE,FALSE,TRUE,FALSE,有機,"1,10-Phenanthroline",66-71-7,Thermo scientific,1,L,100g,NO GHS,,,,,,,,,,,,,,,,,,,,no GHS
,,,,有,P,32,TRUE,TRUE,FALSE,FALSE,FALSE,TRUE,FALSE,有機,Pyridine,110‑86‑1,Thermo scientific,1,L,100g,NO GHS,,,,,,,,,,,,,,,,,,,,no GHS
,,,,,,,FALSE,FALSE,FALSE,,,,,,,,,,,,,,,,,,,,,,,,,,,,,,,,
,,,,有,Q,1,TRUE,TRUE,FALSE,FALSE,FALSE,TRUE,FALSE,液體,Quinoline,91-22-5,ACROS,1,L,1000g,,,,,,,,,,,,,,,,,,,,,no GHS
,,,,,,,FALSE,FALSE,FALSE,,,,,,,,,,,,,,,,,,,,,,,,,,,,,,,,
FALSE,FALSE,FALSE,,有,R,1,TRUE,FALSE,FALSE,TRUE,FALSE,FALSE,FALSE,Hood4,Resorcinol,108-46-3,Acors,1,S,1000g,,,,,,,,,,,,,,,,,,,,,
,,,,,,,FALSE,FALSE,FALSE,,,,,,,,,,,,,,,,,,,,,,,,,,,,,,,,
FALSE,FALSE,FALSE,,有,S,1,TRUE,FALSE,FALSE,TRUE,FALSE,TRUE,TRUE,有機,succinic anhydride,108-30-5,Alfa Aesar,1,S,250g,,,,,,,,,,,,,,,,,,,,,
FALSE,FALSE,TRUE,,有,S,2,FALSE,FALSE,FALSE,FALSE,FALSE,FALSE,FALSE,有機,Spiro-OMeTAD,207739-72-8,Everlight Chemical,1,S,0.5g,,,,,,,,,,,,,,,,,,,,,
,,,,,,,FALSE,FALSE,FALSE,,,,,,,,,,,,,,,,,,,,,,,,,,,,,,,,
FALSE,FALSE,FALSE,,有,T,1,TRUE,TRUE,FALSE,FALSE,TRUE,TRUE,TRUE,有機,"1,3,5-Tribromobenzene",626-39-1,ACROS,1,S,25g,,,,,,,,,,,,,,,,,,,,,
FALSE,FALSE,FALSE,,有,T,,TRUE,TRUE,FALSE,FALSE,TRUE,TRUE,TRUE,有機,"1,3,5-Tribromobenzene",626-39-1,Alfa Aesar,1,S,500g,,,,,,,,,,,,,,,,,,,,,
FALSE,FALSE,FALSE,,有,T,,TRUE,TRUE,FALSE,FALSE,TRUE,TRUE,TRUE,有機,"1,3,5-Tribromobenzene",626-39-1,Alfa Aesar,1,S,25g,,,,,,,,,,,,,,,,,,,,,
FALSE,FALSE,FALSE,,有,T,2,TRUE,TRUE,FALSE,TRUE,TRUE,TRUE,TRUE,有機,"2,5-Thiophenedicarboxaldehyde",932-95-6,ACROS/Combi-block,5+1,S,0.25g/1g,,,,,,,,,,,,,,,,,,,,,
FALSE,FALSE,FALSE,,有,T,3,TRUE,FALSE,FALSE,TRUE,FALSE,TRUE,FALSE,有機,Tetrabutylammonium iodide,311-28-4,AlDrich,1,S,500g,,,,,,,,,,,,,,,,,,,,,no GHS
FALSE,FALSE,FALSE,,有,T,4,TRUE,TRUE,FALSE,FALSE,TRUE,TRUE,TRUE,有機,Tetrabutylammonium acetate,10534-59-5,Alfa Aesar,1,S,5g,,,,,,,,,,,,,,,,,,,,,
FALSE,FALSE,FALSE,,有,T,5,TRUE,TRUE,FALSE,FALSE,TRUE,TRUE,TRUE,有機,Tetrabutylammonium cyanide,10442-39-4,AlDrich,1,S,1g,,,,,,,,,,,,,,,,,,,,,
FALSE,FALSE,FALSE,,有,T,6,TRUE,TRUE,FALSE,TRUE,TRUE,TRUE,TRUE,有機,Tetrabutylammonium phosphate,5574-97-0,ACROS,1,S,5g,,,,,,,,,,,,,,,,,,,,,
FALSE,FALSE,FALSE,,有,T,7,TRUE,TRUE,FALSE,FALSE,TRUE,TRUE,TRUE,有機,Triphenylamine,603-34-9,Alfa Aesar,2,S,100g,,,,,,,,,,,,,,,,,,,,,
FALSE,FALSE,FALSE,,有,T,8,TRUE,TRUE,FALSE,TRUE,TRUE,TRUE,TRUE,有機,Triptycene,477-75-8,AlDrich,1,S,10g,,,,,,,,,,,,,,,,,,,,,
FALSE,FALSE,FALSE,,有,T,9,TRUE,TRUE,FALSE,TRUE,TRUE,FALSE,TRUE,液體,"Thiophene-2-carboxaldehyde,98+%",98-03-3,Alfa Aesar,1,L,100ml,,,,,,,,,,,,,,,,,,,,,no GHS
FALSE,FALSE,FALSE,,有,T,10,FALSE,FALSE,FALSE,FALSE,FALSE,FALSE,FALSE,,Trithylacetic acid,75-98-1,Alfa Aesar,1,L,500ml,,,,,,,,,,,,,,,,,,,,,
FALSE,FALSE,FALSE,,有,T,11,TRUE,TRUE,FALSE,TRUE,TRUE,TRUE,TRUE,有機,"Thieno[3,2-b]thiophene-2-carboxaldehyde",31486-86-9,Yu Shing Tang,1,S,1g,,,,,,,,,,,,,,,,,,,,,
FALSE,FALSE,FALSE,,有,T,,TRUE,TRUE,FALSE,TRUE,TRUE,TRUE,TRUE,有機,"Thieno[3,2-b]thiophene-2-carboxaldehyde",31486-86-9,AK scientific,1,S,5g,,,,,,,,,,,,,,,,,,,,,
FALSE,FALSE,FALSE,,有,T,12,TRUE,TRUE,FALSE,FALSE,TRUE,TRUE,TRUE,有機,"Thieno[3,2-b]thiophene-2,5-dicarbaldehyde",37882-75-0,AK scientific,1,S,1g,,,,,,,,,,,,,,,,,,,,,no GHS
FALSE,TRUE,TRUE,,有,T,13,TRUE,TRUE,FALSE,TRUE,TRUE,TRUE,TRUE,有機,"1,2,4,5-Tetrakis(bromothyl)benzene",15442-91-8,Combi-Blocks,1,S,5g,,,,,,,,,,,,,,,,,,,,,no GHS
FALSE,FALSE,FALSE,,有,T,14,TRUE,TRUE,FALSE,TRUE,TRUE,TRUE,TRUE,有機,Tetrabromothiophene,3958-03-0,ACROS,2,S,25g,,,,,,,,,,,,,,,,,,,,,
FALSE,FALSE,FALSE,,有,T,14-1,FALSE,FALSE,FALSE,TRUE,FALSE,TRUE,FALSE,冰箱,Tetrabromothiophene,3958-03-0,Combi-Blocks,1,S,100g,,,,,,,,,,,,,,,,,,,,,no GHS
FALSE,FALSE,FALSE,,有,T,15,FALSE,FALSE,FALSE,TRUE,FALSE,TRUE,FALSE,冰箱,"1,3,5-Tribromo-2,4,6-trithybenzene",608-72-0,Yu Shing Tang,1,S,5g,,,,,,,,,,,,,,,,,,,,,no GHS
FALSE,FALSE,FALSE,,有,T,16,FALSE,FALSE,FALSE,TRUE,FALSE,TRUE,FALSE,冰箱,trifluoromethanesulfonic acid 98+%,1493-13-6,thermo scientific,1,L,50g,,,,,,,,,,,,,,,,,,,,,no GHS
FALSE,FALSE,FALSE,,有,T,17,FALSE,FALSE,FALSE,TRUE,FALSE,TRUE,FALSE,冰箱,"2,3,5,6-Tetrafluorobenzyl bromide",53001-73-3,ACROS,1,S,1g,,,,,,,,,,,,,,,,,,,,,
FALSE,FALSE,FALSE,,有,T,18,FALSE,FALSE,FALSE,FALSE,FALSE,TRUE,FALSE,冰箱,trifluorothanesulphonic anhydride,358-23-6,ACROS,1,L,50ml,NO GHS,,,,,,,,,,,,,,,,,,,,
FALSE,FALSE,FALSE,,有,Ｔ,19,TRUE,TRUE,FALSE,FALSE,TRUE,FALSE,TRUE,液體,Triethylphosphite,122-52-1,Merck,1,L,500ml,,,,,,,,,,,,,,,,,,,,,
FALSE,FALSE,FALSE,,有,T,20,FALSE,FALSE,FALSE,TRUE,FALSE,TRUE,FALSE,冰箱,3-Thiophene Carboxaldehyde,403-62-4,日本,1,L,50ml,,,,,,,,,,,,,,,,,,,,,
FALSE,FALSE,FALSE,,有,T,21,FALSE,FALSE,FALSE,TRUE,FALSE,TRUE,FALSE,冰箱,"3,4,5-Trifluorophenylboronic acid",143418-49-9,matrix,0,S,快完了,,,,,,,,,,,,,,,,,,,,,no GHS
FALSE,FALSE,FALSE,,有,T,22,FALSE,FALSE,FALSE,TRUE,FALSE,TRUE,FALSE,冰箱,4-(Trifluorothyl)benzyl bromide,402-49-3,ACROS,1,L,1G,,,,,,,,,,,,,,,,,,,,,
FALSE,FALSE,FALSE,,有,T,23,FALSE,FALSE,FALSE,TRUE,FALSE,TRUE,FALSE,冰箱,Trifluoroacetic acid anhydride,407-25-0,ACROS,1,L,25G,,,,,,,,,,,,,,,,,,,,,
FALSE,FALSE,FALSE,,有,T,24,TRUE,TRUE,FALSE,FALSE,TRUE,TRUE,TRUE,有機,Tetraoctylammonium bromide 98%,14866-33-2,ACROS,1,S,25g,,,,,,,,,,,,,,,,,,,,,
FALSE,FALSE,FALSE,,有,T,25,TRUE,TRUE,FALSE,FALSE,FALSE,TRUE,TRUE,有機,2-Thiophenecarboxylic acid 99%,527-72-0,ACROS,1,S,100g,NO GHS,,,,,,,,,,,,,,,,,,,,
FALSE,FALSE,FALSE,,有,T,26,TRUE,TRUE,FALSE,TRUE,FALSE,FALSE,TRUE,液體,Thiophene 99+%,110-02-1,ACROS,1,L,500g,,,,,,,,,,,,,,,,,,,,,
FALSE,FALSE,FALSE,,有,T,27,TRUE,TRUE,FALSE,FALSE,TRUE,FALSE,FALSE,液體,Triisopropylsilane,6485-79-6,東京化成,1,L,25ml,,,,,,,,,,,,,,,,,,,,,no GHS
FALSE,FALSE,FALSE,,有,T,28,TRUE,TRUE,FALSE,TRUE,TRUE,TRUE,TRUE,有機,"1,1,2,2-Tetrakis(4-bromophenyl)ethene",61326-44-1,Combi-Blocks,1,S,5g,,,,,,,,,,,,,,,,,,,,,
FALSE,FALSE,FALSE,,有,T,29,FALSE,FALSE,FALSE,TRUE,FALSE,TRUE,FALSE,冰箱,3-Thiopheneboronic acid 97%,6165-69-1,AK Scientific,1,S,25g,,,,,,,,,,,,,,,,,,,,,no GHS
FALSE,FALSE,FALSE,,有,T,30,FALSE,FALSE,FALSE,FALSE,FALSE,FALSE,FALSE,有機,Tetrabromothiophene,3958-03-0,Combi-Blocks,1,S,100g,,,,,,,,,,,,,,,,,,,,,no GHS
FALSE,FALSE,FALSE,,有,T,31,TRUE,TRUE,FALSE,TRUE,TRUE,FALSE,TRUE,有機,Triethyl phosphite,78-40-0,ACROS,1,L,1000g,,,,,,,,,,,,,,,,,,,,,no GHS
FALSE,FALSE,FALSE,,有,T,32,FALSE,FALSE,FALSE,FALSE,FALSE,FALSE,FALSE,有機,tBuXPhos,564483-19-8,AlDrich,1,S,5g,,,,,,,,,,,,,,,,,,,,,
FALSE,FALSE,FALSE,,有,T,33,TRUE,TRUE,FALSE,TRUE,TRUE,TRUE,TRUE,有機,Tetrabutylammonium iodide,311-28-4,Merck,1,S,100g,,,,,,,,,,,,,,,,,,,,,
,,,,有,T,34,TRUE,TRUE,FALSE,FALSE,TRUE,TRUE,TRUE,有機,Terephthaldicarboxaldehyde,623-27-8,AK Scientific,1,S,25g,,,,,,,,,,,,,,,,,,,,,no GHS
,,,,有,T,35,TRUE,TRUE,FALSE,TRUE,FALSE,FALSE,TRUE,液體,Trimethylacetic acid,75989,Alfa Aesar,1,L,500g,,,,,,,,,,,,,,,,,,,,,
,,,,有,T,36,TRUE,TRUE,FALSE,TRUE,FALSE,FALSE,TRUE,液體,Tetrafluoroboric acid,16872-11-0,Alfa Aesar,1,L,100ml,,,,,,,,,,,,,,,,,,,,,
,,,,有,T,37,TRUE,TRUE,FALSE,TRUE,FALSE,FALSE,TRUE,液體,Trimethyltin Chloride,1066-45-1,AlDrich,1+1,L,100/50ml,,,,,,,,,,,,,,,,,,,,,
,,,,有,T,38,TRUE,TRUE,FALSE,TRUE,FALSE,FALSE,TRUE,液體,Trimethyltin chloride,254-41-2,友和,2,L,1g,,,,,,,,,,,,,,,,,,,,,
,,,,有,T,39,TRUE,TRUE,FALSE,TRUE,FALSE,FALSE,TRUE,液體,2-(Tributylstannyl)furan,118486-94-5,aldrich,1,L,25ml,,,,,,,,,,,,,,,,,,,,,
,,,,有,T,40,TRUE,TRUE,FALSE,TRUE,FALSE,FALSE,TRUE,液體,Tributyltin chloride,1461‑22‑9,友和,1,L,250g,,,,,,,,,,,,,,,,,,,,,
,,,,有,T,41,TRUE,TRUE,FALSE,TRUE,FALSE,FALSE,TRUE,液體,tetraethylammonium bromide,71-91-0,Alfa Aesar,1,L,250g,,,,,,,,,,,,,,,,,,,,,
,,,,有,T,42,FALSE,TRUE,FALSE,FALSE,FALSE,FALSE,FALSE,防潮箱,                     tert-Butyldimethylsilyl Chloride,18162-48-6,Combi-Blocks,1,S,25g,,,,,,,,,,,,,,,,,,,,,
,,,,有,T,42-1,FALSE,TRUE,FALSE,FALSE,FALSE,FALSE,FALSE,防潮箱,                     tert-Butyldimethylsilyl Chloride,18162-48-6,Combi-Blocks,1,S,100g,,,,,,,,,,,,,,,,,,,,,
,,,,有,T,43,FALSE,FALSE,FALSE,FALSE,FALSE,FALSE,FALSE,冰箱,tert-Butyl 4-Bromobutanoate,110661-91-1,Lumtec,1,L,250g,,,,,,,,,,,,,,,,,,,,,
,,,,有,T,44,TRUE,TRUE,FALSE,FALSE,FALSE,FALSE,FALSE,液體,Tetraethyl Methylenebis(phosphonate),1660-94-2,thermo scientific,1,L,25ml,,,,,,,,,,,,,,,,,,,,,
,,,,,,,FALSE,FALSE,FALSE,,,,,,,,,,,,,,,,,,,,,,,,,,,,,,,,
,,,,有,v,1,TRUE,TRUE,FALSE,TRUE,FALSE,FALSE,TRUE,防潮箱,Vinylphosphonic Acid,1746-03-08,AK Scientific,1,L,25g,,,,,,,,,,,,,,,,,,,,,
,,,,,,,FALSE,FALSE,FALSE,,,,,,,,,,,,,,,,,,,,,,,,,,,,,,,,
FALSE,FALSE,FALSE,,有,X,1,TRUE,TRUE,FALSE,FALSE,FALSE,TRUE,TRUE,防潮箱,Xphos,564483-18-7,Combi-Blocks,1,S,25g,NO GHS,,,,,,,,,,,,,,,,,,,,no GHS
FALSE,FALSE,FALSE,,有,X,1-1,FALSE,FALSE,FALSE,FALSE,FALSE,TRUE,TRUE,防潮箱,Xphos,564483-18-7,Lumtec,1,S,50g,NO GHS,,,,,,,,,,,,,,,,,,,,no GHS
,,,,,,,FALSE,FALSE,FALSE,,,,,,,,,,,,,,,,,,,,,,,,,,,,,,,,
,,,,,,,FALSE,FALSE,FALSE,,,,,,,,,,,,,,,,,,,,,,,,,,,,,,,,
,,,,,,,FALSE,FALSE,FALSE,,,,,,,,,,,,,,,,,,,,,,,,,,,,,,,,
,,,,,,,FALSE,FALSE,FALSE,,,,,,,,,,,,,,,,,,,,,,,,,,,,,,,,
,,,,,,,FALSE,FALSE,FALSE,,,,,,,,,,,,,,,,,,,,,,,,,,,,,,,,
,,,,,,,FALSE,FALSE,FALSE,,,,,,,,,,,,,,,,,,,,,,,,,,,,,,,,
,,,,,,,FALSE,FALSE,FALSE,,,,,,,,,,,,,,,,,,,,,,,,,,,,,,,,
,,,,,,,FALSE,FALSE,FALSE,,,,,,,,,,,,,,,,,,,,,,,,,,,,,,,,
,,,,,,,FALSE,FALSE,FALSE,,,,,,,,,,,,,,,,,,,,,,,,,,,,,,,,
,,,,,,,FALSE,FALSE,FALSE,,,,,,,,,,,,,,,,,,,,,,,,,,,,,,,,
,,,,,,,FALSE,FALSE,FALSE,,,,,,,,,,,,,,,,,,,,,,,,,,,,,,,,
,,,,,,,FALSE,FALSE,FALSE,,,,,,,,,,,,,,,,,,,,,,,,,,,,,,,,
,,,,,,,FALSE,FALSE,FALSE,,,,,,,,,,,,,,,,,,,,,,,,,,,,,,,,
,,,,,,,FALSE,FALSE,FALSE,,,,,,,,,,,,,,,,,,,,,,,,,,,,,,,,
,,,,,,,FALSE,FALSE,FALSE,,,,,,,,,,,,,,,,,,,,,,,,,,,,,,,,
,,,,,,,FALSE,FALSE,FALSE,,,,,,,,,,,,,,,,,,,,,,,,,,,,,,,,
,,,,,,,FALSE,FALSE,FALSE,,,,,,,,,,,,,,,,,,,,,,,,,,,,,,,,
,,,,,,,FALSE,FALSE,FALSE,,,,,,,,,,,,,,,,,,,,,,,,,,,,,,,,
,,,,,,,FALSE,FALSE,FALSE,,,,,,,,,,,,,,,,,,,,,,,,,,,,,,,,
,,,,,,,FALSE,FALSE,FALSE,,,,,,,,,,,,,,,,,,,,,,,,,,,,,,,,
,,,,,,,FALSE,FALSE,FALSE,,,,,,,,,,,,,,,,,,,,,,,,,,,,,,,,
,,,,,,,FALSE,FALSE,FALSE,,,,,,,,,,,,,,,,,,,,,,,,,,,,,,,,
,,,,,,,FALSE,FALSE,FALSE,,,,,,,,,,,,,,,,,,,,,,,,,,,,,,,,
,,,,,,,FALSE,FALSE,FALSE,,,,,,,,,,,,,,,,,,,,,,,,,,,,,,,,
,,,,,,,FALSE,FALSE,FALSE,,,,,,,,,,,,,,,,,,,,,,,,,,,,,,,,
,,,,,,,FALSE,FALSE,FALSE,,,,,,,,,,,,,,,,,,,,,,,,,,,,,,,,
,,,,,,,FALSE,FALSE,FALSE,,,,,,,,,,,,,,,,,,,,,,,,,,,,,,,,
,,,,,,,FALSE,FALSE,FALSE,,,,,,,,,,,,,,,,,,,,,,,,,,,,,,,,
,,,,,,,FALSE,FALSE,FALSE,,,,,,,,,,,,,,,,,,,,,,,,,,,,,,,,
,,,,,,,FALSE,FALSE,FALSE,,,,,,,,,,,,,,,,,,,,,,,,,,,,,,,,
,,,,,,,FALSE,FALSE,FALSE,,,,,,,,,,,,,,,,,,,,,,,,,,,,,,,,
,,,,,,,FALSE,FALSE,FALSE,,,,,,,,,,,,,,,,,,,,,,,,,,,,,,,,
,,,,,,,FALSE,FALSE,FALSE,,,,,,,,,,,,,,,,,,,,,,,,,,,,,,,,
,,,,,,,FALSE,FALSE,FALSE,,,,,,,,,,,,,,,,,,,,,,,,,,,,,,,,
,,,,,,,FALSE,FALSE,FALSE,,,,,,,,,,,,,,,,,,,,,,,,,,,,,,,,
,,,,,,,FALSE,FALSE,FALSE,,,,,,,,,,,,,,,,,,,,,,,,,,,,,,,,
,,,,,,,FALSE,FALSE,FALSE,,,,,,,,,,,,,,,,,,,,,,,,,,,,,,,,
,,,,,,,FALSE,FALSE,FALSE,,,,,,,,,,,,,,,,,,,,,,,,,,,,,,,,
,,,,,,,FALSE,FALSE,FALSE,,,,,,,,,,,,,,,,,,,,,,,,,,,,,,,,
,,,,,,,FALSE,FALSE,FALSE,,,,,,,,,,,,,,,,,,,,,,,,,,,,,,,,
,,,,,,,FALSE,FALSE,FALSE,,,,,,,,,,,,,,,,,,,,,,,,,,,,,,,,
,,,,,,,FALSE,FALSE,FALSE,,,,,,,,,,,,,,,,,,,,,,,,,,,,,,,,
,,,,,,,FALSE,FALSE,FALSE,,,,,,,,,,,,,,,,,,,,,,,,,,,,,,,,
,,,,,,,FALSE,FALSE,FALSE,,,,,,,,,,,,,,,,,,,,,,,,,,,,,,,,
,,,,,,,FALSE,FALSE,FALSE,,,,,,,,,,,,,,,,,,,,,,,,,,,,,,,,
,,,,,,,FALSE,FALSE,FALSE,,,,,,,,,,,,,,,,,,,,,,,,,,,,,,,,
,,,,,,,FALSE,FALSE,FALSE,,,,,,,,,,,,,,,,,,,,,,,,,,,,,,,,
,,,,,,,FALSE,FALSE,FALSE,,,,,,,,,,,,,,,,,,,,,,,,,,,,,,,,
,,,,,,,FALSE,FALSE,FALSE,,,,,,,,,,,,,,,,,,,,,,,,,,,,,,,,
,,,,,,,FALSE,FALSE,FALSE,,,,,,,,,,,,,,,,,,,,,,,,,,,,,,,,
,,,,,,,FALSE,FALSE,FALSE,,,,,,,,,,,,,,,,,,,,,,,,,,,,,,,,
,,,,,,,FALSE,FALSE,FALSE,,,,,,,,,,,,,,,,,,,,,,,,,,,,,,,,
,,,,,,,FALSE,FALSE,FALSE,,,,,,,,,,,,,,,,,,,,,,,,,,,,,,,,
,,,,,,,FALSE,FALSE,FALSE,,,,,,,,,,,,,,,,,,,,,,,,,,,,,,,,
,,,,,,,FALSE,FALSE,FALSE,,,,,,,,,,,,,,,,,,,,,,,,,,,,,,,,
,,,,,,,FALSE,FALSE,FALSE,,,,,,,,,,,,,,,,,,,,,,,,,,,,,,,,
,,,,,,,FALSE,FALSE,FALSE,,,,,,,,,,,,,,,,,,,,,,,,,,,,,,,,
,,,,,,,FALSE,FALSE,FALSE,,,,,,,,,,,,,,,,,,,,,,,,,,,,,,,,
,,,,,,,FALSE,FALSE,FALSE,,,,,,,,,,,,,,,,,,,,,,,,,,,,,,,,
,,,,,,,FALSE,FALSE,FALSE,,,,,,,,,,,,,,,,,,,,,,,,,,,,,,,,
,,,,,,,FALSE,FALSE,FALSE,,,,,,,,,,,,,,,,,,,,,,,,,,,,,,,,
,,,,,,,FALSE,FALSE,FALSE,,,,,,,,,,,,,,,,,,,,,,,,,,,,,,,,
,,,,,,,FALSE,FALSE,FALSE,,,,,,,,,,,,,,,,,,,,,,,,,,,,,,,,
,,,,,,,FALSE,FALSE,FALSE,,,,,,,,,,,,,,,,,,,,,,,,,,,,,,,,
,,,,,,,FALSE,FALSE,FALSE,,,,,,,,,,,,,,,,,,,,,,,,,,,,,,,,
,,,,,,,FALSE,FALSE,FALSE,,,,,,,,,,,,,,,,,,,,,,,,,,,,,,,,
,,,,,,,FALSE,FALSE,FALSE,,,,,,,,,,,,,,,,,,,,,,,,,,,,,,,,
,,,,,,,FALSE,FALSE,FALSE,,,,,,,,,,,,,,,,,,,,,,,,,,,,,,,,
,,,,,,,FALSE,FALSE,FALSE,,,,,,,,,,,,,,,,,,,,,,,,,,,,,,,,
,,,,,,,FALSE,FALSE,FALSE,,,,,,,,,,,,,,,,,,,,,,,,,,,,,,,,
,,,,,,,FALSE,FALSE,FALSE,,,,,,,,,,,,,,,,,,,,,,,,,,,,,,,,
,,,,,,,FALSE,FALSE,FALSE,,,,,,,,,,,,,,,,,,,,,,,,,,,,,,,,
,,,,,,,FALSE,FALSE,FALSE,,,,,,,,,,,,,,,,,,,,,,,,,,,,,,,,
,,,,,,,FALSE,FALSE,FALSE,,,,,,,,,,,,,,,,,,,,,,,,,,,,,,,,
,,,,,,,FALSE,FALSE,FALSE,,,,,,,,,,,,,,,,,,,,,,,,,,,,,,,,
,,,,,,,FALSE,FALSE,FALSE,,,,,,,,,,,,,,,,,,,,,,,,,,,,,,,,
,,,,,,,FALSE,FALSE,FALSE,,,,,,,,,,,,,,,,,,,,,,,,,,,,,,,,
,,,,,,,FALSE,FALSE,FALSE,,,,,,,,,,,,,,,,,,,,,,,,,,,,,,,,
,,,,,,,FALSE,FALSE,FALSE,,,,,,,,,,,,,,,,,,,,,,,,,,,,,,,,
,,,,,,,FALSE,FALSE,FALSE,,,,,,,,,,,,,,,,,,,,,,,,,,,,,,,,
,,,,,,,FALSE,FALSE,FALSE,,,,,,,,,,,,,,,,,,,,,,,,,,,,,,,,
,,,,,,,FALSE,FALSE,FALSE,,,,,,,,,,,,,,,,,,,,,,,,,,,,,,,,
,,,,,,,FALSE,FALSE,FALSE,,,,,,,,,,,,,,,,,,,,,,,,,,,,,,,,
,,,,,,,FALSE,FALSE,FALSE,,,,,,,,,,,,,,,,,,,,,,,,,,,,,,,,
,,,,,,,FALSE,FALSE,FALSE,,,,,,,,,,,,,,,,,,,,,,,,,,,,,,,,
,,,,,,,FALSE,FALSE,FALSE,,,,,,,,,,,,,,,,,,,,,,,,,,,,,,,,
,,,,,,,FALSE,FALSE,FALSE,,,,,,,,,,,,,,,,,,,,,,,,,,,,,,,,
,,,,,,,FALSE,FALSE,FALSE,,,,,,,,,,,,,,,,,,,,,,,,,,,,,,,,
,,,,,,,FALSE,FALSE,FALSE,,,,,,,,,,,,,,,,,,,,,,,,,,,,,,,,
,,,,,,,FALSE,FALSE,FALSE,,,,,,,,,,,,,,,,,,,,,,,,,,,,,,,,
,,,,,,,FALSE,FALSE,FALSE,,,,,,,,,,,,,,,,,,,,,,,,,,,,,,,,
,,,,,,,FALSE,FALSE,FALSE,,,,,,,,,,,,,,,,,,,,,,,,,,,,,,,,
,,,,,,,FALSE,FALSE,FALSE,,,,,,,,,,,,,,,,,,,,,,,,,,,,,,,,
,,,,,,,FALSE,FALSE,FALSE,,,,,,,,,,,,,,,,,,,,,,,,,,,,,,,,
,,,,,,,FALSE,FALSE,FALSE,,,,,,,,,,,,,,,,,,,,,,,,,,,,,,,,
,,,,,,,FALSE,FALSE,FALSE,,,,,,,,,,,,,,,,,,,,,,,,,,,,,,,,
,,,,,,,FALSE,FALSE,FALSE,,,,,,,,,,,,,,,,,,,,,,,,,,,,,,,,
,,,,,,,FALSE,FALSE,FALSE,,,,,,,,,,,,,,,,,,,,,,,,,,,,,,,,
,,,,,,,FALSE,FALSE,FALSE,,,,,,,,,,,,,,,,,,,,,,,,,,,,,,,,
,,,,,,,FALSE,FALSE,FALSE,,,,,,,,,,,,,,,,,,,,,,,,,,,,,,,,
,,,,,,,FALSE,FALSE,FALSE,,,,,,,,,,,,,,,,,,,,,,,,,,,,,,,,
,,,,,,,FALSE,FALSE,FALSE,,,,,,,,,,,,,,,,,,,,,,,,,,,,,,,,
,,,,,,,FALSE,FALSE,FALSE,,,,,,,,,,,,,,,,,,,,,,,,,,,,,,,,
,,,,,,,FALSE,FALSE,FALSE,,,,,,,,,,,,,,,,,,,,,,,,,,,,,,,,
,,,,,,,FALSE,FALSE,FALSE,,,,,,,,,,,,,,,,,,,,,,,,,,,,,,,,
,,,,,,,FALSE,FALSE,FALSE,,,,,,,,,,,,,,,,,,,,,,,,,,,,,,,,
,,,,,,,FALSE,FALSE,FALSE,,,,,,,,,,,,,,,,,,,,,,,,,,,,,,,,
,,,,,,,FALSE,FALSE,FALSE,,,,,,,,,,,,,,,,,,,,,,,,,,,,,,,,
,,,,,,,FALSE,FALSE,FALSE,,,,,,,,,,,,,,,,,,,,,,,,,,,,,,,,
,,,,,,,FALSE,FALSE,FALSE,,,,,,,,,,,,,,,,,,,,,,,,,,,,,,,,
,,,,,,,FALSE,FALSE,FALSE,,,,,,,,,,,,,,,,,,,,,,,,,,,,,,,,
,,,,,,,FALSE,FALSE,FALSE,,,,,,,,,,,,,,,,,,,,,,,,,,,,,,,,
,,,,,,,FALSE,FALSE,FALSE,,,,,,,,,,,,,,,,,,,,,,,,,,,,,,,,
,,,,,,,FALSE,FALSE,FALSE,,,,,,,,,,,,,,,,,,,,,,,,,,,,,,,,
,,,,,,,FALSE,FALSE,FALSE,,,,,,,,,,,,,,,,,,,,,,,,,,,,,,,,
,,,,,,,FALSE,FALSE,FALSE,,,,,,,,,,,,,,,,,,,,,,,,,,,,,,,,
,,,,,,,FALSE,FALSE,FALSE,,,,,,,,,,,,,,,,,,,,,,,,,,,,,,,,
,,,,,,,FALSE,FALSE,FALSE,,,,,,,,,,,,,,,,,,,,,,,,,,,,,,,,
,,,,,,,FALSE,FALSE,FALSE,,,,,,,,,,,,,,,,,,,,,,,,,,,,,,,,
,,,,,,,FALSE,FALSE,FALSE,,,,,,,,,,,,,,,,,,,,,,,,,,,,,,,,
,,,,,,,FALSE,FALSE,FALSE,,,,,,,,,,,,,,,,,,,,,,,,,,,,,,,,
,,,,,,,FALSE,FALSE,FALSE,,,,,,,,,,,,,,,,,,,,,,,,,,,,,,,,
,,,,,,,FALSE,FALSE,FALSE,,,,,,,,,,,,,,,,,,,,,,,,,,,,,,,,
,,,,,,,FALSE,FALSE,FALSE,,,,,,,,,,,,,,,,,,,,,,,,,,,,,,,,
,,,,,,,FALSE,FALSE,FALSE,,,,,,,,,,,,,,,,,,,,,,,,,,,,,,,,
,,,,,,,FALSE,FALSE,FALSE,,,,,,,,,,,,,,,,,,,,,,,,,,,,,,,,
,,,,,,,FALSE,FALSE,FALSE,,,,,,,,,,,,,,,,,,,,,,,,,,,,,,,,
,,,,,,,FALSE,FALSE,FALSE,,,,,,,,,,,,,,,,,,,,,,,,,,,,,,,,
,,,,,,,FALSE,FALSE,FALSE,,,,,,,,,,,,,,,,,,,,,,,,,,,,,,,,
,,,,,,,FALSE,FALSE,FALSE,,,,,,,,,,,,,,,,,,,,,,,,,,,,,,,,
,,,,,,,FALSE,FALSE,FALSE,,,,,,,,,,,,,,,,,,,,,,,,,,,,,,,,
,,,,,,,FALSE,FALSE,FALSE,,,,,,,,,,,,,,,,,,,,,,,,,,,,,,,,
,,,,,,,FALSE,FALSE,FALSE,,,,,,,,,,,,,,,,,,,,,,,,,,,,,,,,
,,,,,,,FALSE,FALSE,FALSE,,,,,,,,,,,,,,,,,,,,,,,,,,,,,,,,
,,,,,,,FALSE,FALSE,FALSE,,,,,,,,,,,,,,,,,,,,,,,,,,,,,,,,
,,,,,,,FALSE,FALSE,FALSE,,,,,,,,,,,,,,,,,,,,,,,,,,,,,,,,
,,,,,,,FALSE,FALSE,FALSE,,,,,,,,,,,,,,,,,,,,,,,,,,,,,,,,
,,,,,,,FALSE,FALSE,FALSE,,,,,,,,,,,,,,,,,,,,,,,,,,,,,,,,
,,,,,,,FALSE,FALSE,FALSE,,,,,,,,,,,,,,,,,,,,,,,,,,,,,,,,
,,,,,,,FALSE,FALSE,FALSE,,,,,,,,,,,,,,,,,,,,,,,,,,,,,,,,
,,,,,,,FALSE,FALSE,FALSE,,,,,,,,,,,,,,,,,,,,,,,,,,,,,,,,
,,,,,,,FALSE,FALSE,FALSE,,,,,,,,,,,,,,,,,,,,,,,,,,,,,,,,
,,,,,,,FALSE,FALSE,FALSE,,,,,,,,,,,,,,,,,,,,,,,,,,,,,,,,
,,,,,,,FALSE,FALSE,FALSE,,,,,,,,,,,,,,,,,,,,,,,,,,,,,,,,
,,,,,,,FALSE,FALSE,FALSE,,,,,,,,,,,,,,,,,,,,,,,,,,,,,,,,
,,,,,,,FALSE,FALSE,FALSE,,,,,,,,,,,,,,,,,,,,,,,,,,,,,,,,
,,,,,,,FALSE,FALSE,FALSE,,,,,,,,,,,,,,,,,,,,,,,,,,,,,,,,
,,,,,,,FALSE,FALSE,FALSE,,,,,,,,,,,,,,,,,,,,,,,,,,,,,,,,
,,,,,,,FALSE,FALSE,FALSE,,,,,,,,,,,,,,,,,,,,,,,,,,,,,,,,
,,,,,,,FALSE,FALSE,FALSE,,,,,,,,,,,,,,,,,,,,,,,,,,,,,,,,
,,,,,,,FALSE,FALSE,FALSE,,,,,,,,,,,,,,,,,,,,,,,,,,,,,,,,
,,,,,,,FALSE,FALSE,FALSE,,,,,,,,,,,,,,,,,,,,,,,,,,,,,,,,
,,,,,,,FALSE,FALSE,FALSE,,,,,,,,,,,,,,,,,,,,,,,,,,,,,,,,
,,,,,,,FALSE,FALSE,FALSE,,,,,,,,,,,,,,,,,,,,,,,,,,,,,,,,
,,,,,,,FALSE,FALSE,FALSE,,,,,,,,,,,,,,,,,,,,,,,,,,,,,,,,
,,,,,,,FALSE,FALSE,FALSE,,,,,,,,,,,,,,,,,,,,,,,,,,,,,,,,
,,,,,,,FALSE,FALSE,FALSE,,,,,,,,,,,,,,,,,,,,,,,,,,,,,,,,
,,,,,,,FALSE,FALSE,FALSE,,,,,,,,,,,,,,,,,,,,,,,,,,,,,,,,
,,,,,,,FALSE,FALSE,FALSE,,,,,,,,,,,,,,,,,,,,,,,,,,,,,,,,
,,,,,,,FALSE,FALSE,FALSE,,,,,,,,,,,,,,,,,,,,,,,,,,,,,,,,
,,,,,,,FALSE,FALSE,FALSE,,,,,,,,,,,,,,,,,,,,,,,,,,,,,,,,
,,,,,,,FALSE,FALSE,FALSE,,,,,,,,,,,,,,,,,,,,,,,,,,,,,,,,
,,,,,,,FALSE,FALSE,FALSE,,,,,,,,,,,,,,,,,,,,,,,,,,,,,,,,
,,,,,,,FALSE,FALSE,FALSE,,,,,,,,,,,,,,,,,,,,,,,,,,,,,,,,
,,,,,,,FALSE,FALSE,FALSE,,,,,,,,,,,,,,,,,,,,,,,,,,,,,,,,
,,,,,,,FALSE,FALSE,FALSE,,,,,,,,,,,,,,,,,,,,,,,,,,,,,,,,
,,,,,,,FALSE,FALSE,FALSE,,,,,,,,,,,,,,,,,,,,,,,,,,,,,,,,
,,,,,,,FALSE,FALSE,FALSE,,,,,,,,,,,,,,,,,,,,,,,,,,,,,,,,
,,,,,,,FALSE,FALSE,FALSE,,,,,,,,,,,,,,,,,,,,,,,,,,,,,,,,
,,,,,,,FALSE,FALSE,FALSE,,,,,,,,,,,,,,,,,,,,,,,,,,,,,,,,
,,,,,,,FALSE,FALSE,FALSE,,,,,,,,,,,,,,,,,,,,,,,,,,,,,,,,
,,,,,,,FALSE,FALSE,FALSE,,,,,,,,,,,,,,,,,,,,,,,,,,,,,,,,
,,,,,,,FALSE,FALSE,FALSE,,,,,,,,,,,,,,,,,,,,,,,,,,,,,,,,
,,,,,,,FALSE,FALSE,FALSE,,,,,,,,,,,,,,,,,,,,,,,,,,,,,,,,
,,,,,,,FALSE,FALSE,FALSE,,,,,,,,,,,,,,,,,,,,,,,,,,,,,,,,
,,,,,,,FALSE,FALSE,FALSE,,,,,,,,,,,,,,,,,,,,,,,,,,,,,,,,
,,,,,,,FALSE,FALSE,FALSE,,,,,,,,,,,,,,,,,,,,,,,,,,,,,,,,
,,,,,,,FALSE,FALSE,FALSE,,,,,,,,,,,,,,,,,,,,,,,,,,,,,,,,
,,,,,,,FALSE,FALSE,FALSE,,,,,,,,,,,,,,,,,,,,,,,,,,,,,,,,
,,,,,,,FALSE,FALSE,FALSE,,,,,,,,,,,,,,,,,,,,,,,,,,,,,,,,
,,,,,,,FALSE,FALSE,FALSE,,,,,,,,,,,,,,,,,,,,,,,,,,,,,,,,
,,,,,,,FALSE,FALSE,FALSE,,,,,,,,,,,,,,,,,,,,,,,,,,,,,,,,
,,,,,,,FALSE,FALSE,FALSE,,,,,,,,,,,,,,,,,,,,,,,,,,,,,,,,
,,,,,,,FALSE,FALSE,FALSE,,,,,,,,,,,,,,,,,,,,,,,,,,,,,,,,
,,,,,,,FALSE,FALSE,FALSE,,,,,,,,,,,,,,,,,,,,,,,,,,,,,,,,
,,,,,,,FALSE,FALSE,FALSE,,,,,,,,,,,,,,,,,,,,,,,,,,,,,,,,
,,,,,,,FALSE,FALSE,FALSE,,,,,,,,,,,,,,,,,,,,,,,,,,,,,,,,
,,,,,,,FALSE,FALSE,FALSE,,,,,,,,,,,,,,,,,,,,,,,,,,,,,,,,
,,,,,,,FALSE,FALSE,FALSE,,,,,,,,,,,,,,,,,,,,,,,,,,,,,,,,
,,,,,,,FALSE,FALSE,FALSE,,,,,,,,,,,,,,,,,,,,,,,,,,,,,,,,
,,,,,,,FALSE,FALSE,FALSE,,,,,,,,,,,,,,,,,,,,,,,,,,,,,,,,
,,,,,,,FALSE,FALSE,FALSE,,,,,,,,,,,,,,,,,,,,,,,,,,,,,,,,
,,,,,,,FALSE,FALSE,FALSE,,,,,,,,,,,,,,,,,,,,,,,,,,,,,,,,
,,,,,,,FALSE,FALSE,FALSE,,,,,,,,,,,,,,,,,,,,,,,,,,,,,,,,
,,,,,,,FALSE,FALSE,FALSE,,,,,,,,,,,,,,,,,,,,,,,,,,,,,,,,
,,,,,,,FALSE,FALSE,FALSE,,,,,,,,,,,,,,,,,,,,,,,,,,,,,,,,
,,,,,,,FALSE,FALSE,FALSE,,,,,,,,,,,,,,,,,,,,,,,,,,,,,,,,
,,,,,,,FALSE,FALSE,FALSE,,,,,,,,,,,,,,,,,,,,,,,,,,,,,,,,
,,,,,,,FALSE,FALSE,FALSE,,,,,,,,,,,,,,,,,,,,,,,,,,,,,,,,
,,,,,,,FALSE,FALSE,FALSE,,,,,,,,,,,,,,,,,,,,,,,,,,,,,,,,
,,,,,,,FALSE,FALSE,FALSE,,,,,,,,,,,,,,,,,,,,,,,,,,,,,,,,
,,,,,,,FALSE,FALSE,FALSE,,,,,,,,,,,,,,,,,,,,,,,,,,,,,,,,
,,,,,,,FALSE,FALSE,FALSE,,,,,,,,,,,,,,,,,,,,,,,,,,,,,,,,
,,,,,,,FALSE,FALSE,FALSE,,,,,,,,,,,,,,,,,,,,,,,,,,,,,,,,
,,,,,,,FALSE,FALSE,FALSE,,,,,,,,,,,,,,,,,,,,,,,,,,,,,,,,
,,,,,,,FALSE,FALSE,FALSE,,,,,,,,,,,,,,,,,,,,,,,,,,,,,,,,
,,,,,,,FALSE,FALSE,FALSE,,,,,,,,,,,,,,,,,,,,,,,,,,,,,,,,
,,,,,,,FALSE,FALSE,FALSE,,,,,,,,,,,,,,,,,,,,,,,,,,,,,,,,
,,,,,,,FALSE,FALSE,FALSE,,,,,,,,,,,,,,,,,,,,,,,,,,,,,,,,
,,,,,,,FALSE,FALSE,FALSE,,,,,,,,,,,,,,,,,,,,,,,,,,,,,,,,
,,,,,,,FALSE,FALSE,FALSE,,,,,,,,,,,,,,,,,,,,,,,,,,,,,,,,
,,,,,,,FALSE,FALSE,FALSE,,,,,,,,,,,,,,,,,,,,,,,,,,,,,,,,
,,,,,,,FALSE,FALSE,FALSE,,,,,,,,,,,,,,,,,,,,,,,,,,,,,,,,
,,,,,,,FALSE,FALSE,FALSE,,,,,,,,,,,,,,,,,,,,,,,,,,,,,,,,
,,,,,,,FALSE,FALSE,FALSE,,,,,,,,,,,,,,,,,,,,,,,,,,,,,,,,
,,,,,,,FALSE,FALSE,FALSE,,,,,,,,,,,,,,,,,,,,,,,,,,,,,,,,
,,,,,,,FALSE,FALSE,FALSE,,,,,,,,,,,,,,,,,,,,,,,,,,,,,,,,
,,,,,,,FALSE,FALSE,FALSE,,,,,,,,,,,,,,,,,,,,,,,,,,,,,,,,
,,,,,,,FALSE,FALSE,FALSE,,,,,,,,,,,,,,,,,,,,,,,,,,,,,,,,
,,,,,,,FALSE,FALSE,FALSE,,,,,,,,,,,,,,,,,,,,,,,,,,,,,,,,
,,,,,,,FALSE,FALSE,FALSE,,,,,,,,,,,,,,,,,,,,,,,,,,,,,,,,
,,,,,,,FALSE,FALSE,FALSE,,,,,,,,,,,,,,,,,,,,,,,,,,,,,,,,
,,,,,,,FALSE,FALSE,FALSE,,,,,,,,,,,,,,,,,,,,,,,,,,,,,,,,
,,,,,,,FALSE,FALSE,FALSE,,,,,,,,,,,,,,,,,,,,,,,,,,,,,,,,
,,,,,,,FALSE,FALSE,FALSE,,,,,,,,,,,,,,,,,,,,,,,,,,,,,,,,
,,,,,,,FALSE,FALSE,FALSE,,,,,,,,,,,,,,,,,,,,,,,,,,,,,,,,
,,,,,,,FALSE,FALSE,FALSE,,,,,,,,,,,,,,,,,,,,,,,,,,,,,,,,
,,,,,,,FALSE,FALSE,FALSE,,,,,,,,,,,,,,,,,,,,,,,,,,,,,,,,
,,,,,,,FALSE,FALSE,FALSE,,,,,,,,,,,,,,,,,,,,,,,,,,,,,,,,
,,,,,,,FALSE,FALSE,FALSE,,,,,,,,,,,,,,,,,,,,,,,,,,,,,,,,
,,,,,,,FALSE,FALSE,FALSE,,,,,,,,,,,,,,,,,,,,,,,,,,,,,,,,
,,,,,,,FALSE,FALSE,FALSE,,,,,,,,,,,,,,,,,,,,,,,,,,,,,,,,
,,,,,,,FALSE,FALSE,FALSE,,,,,,,,,,,,,,,,,,,,,,,,,,,,,,,,
,,,,,,,FALSE,FALSE,FALSE,,,,,,,,,,,,,,,,,,,,,,,,,,,,,,,,
,,,,,,,FALSE,FALSE,FALSE,,,,,,,,,,,,,,,,,,,,,,,,,,,,,,,,
,,,,,,,FALSE,FALSE,FALSE,,,,,,,,,,,,,,,,,,,,,,,,,,,,,,,,
,,,,,,,FALSE,FALSE,FALSE,,,,,,,,,,,,,,,,,,,,,,,,,,,,,,,,
,,,,,,,FALSE,FALSE,FALSE,,,,,,,,,,,,,,,,,,,,,,,,,,,,,,,,
,,,,,,,FALSE,FALSE,FALSE,,,,,,,,,,,,,,,,,,,,,,,,,,,,,,,,
,,,,,,,FALSE,FALSE,FALSE,,,,,,,,,,,,,,,,,,,,,,,,,,,,,,,,
,,,,,,,FALSE,FALSE,FALSE,,,,,,,,,,,,,,,,,,,,,,,,,,,,,,,,
,,,,,,,FALSE,FALSE,FALSE,,,,,,,,,,,,,,,,,,,,,,,,,,,,,,,,
,,,,,,,FALSE,FALSE,FALSE,,,,,,,,,,,,,,,,,,,,,,,,,,,,,,,,
,,,,,,,FALSE,FALSE,FALSE,,,,,,,,,,,,,,,,,,,,,,,,,,,,,,,,
,,,,,,,FALSE,FALSE,FALSE,,,,,,,,,,,,,,,,,,,,,,,,,,,,,,,,
,,,,,,,FALSE,FALSE,FALSE,,,,,,,,,,,,,,,,,,,,,,,,,,,,,,,,
,,,,,,,FALSE,FALSE,FALSE,,,,,,,,,,,,,,,,,,,,,,,,,,,,,,,,
,,,,,,,FALSE,FALSE,FALSE,,,,,,,,,,,,,,,,,,,,,,,,,,,,,,,,
,,,,,,,FALSE,FALSE,FALSE,,,,,,,,,,,,,,,,,,,,,,,,,,,,,,,,
,,,,,,,FALSE,FALSE,FALSE,,,,,,,,,,,,,,,,,,,,,,,,,,,,,,,,
,,,,,,,FALSE,FALSE,FALSE,,,,,,,,,,,,,,,,,,,,,,,,,,,,,,,,
,,,,,,,FALSE,FALSE,FALSE,,,,,,,,,,,,,,,,,,,,,,,,,,,,,,,,
,,,,,,,FALSE,FALSE,FALSE,,,,,,,,,,,,,,,,,,,,,,,,,,,,,,,,
,,,,,,,FALSE,FALSE,FALSE,,,,,,,,,,,,,,,,,,,,,,,,,,,,,,,,
,,,,,,,FALSE,FALSE,FALSE,,,,,,,,,,,,,,,,,,,,,,,,,,,,,,,,
,,,,,,,FALSE,FALSE,FALSE,,,,,,,,,,,,,,,,,,,,,,,,,,,,,,,,
,,,,,,,FALSE,FALSE,FALSE,,,,,,,,,,,,,,,,,,,,,,,,,,,,,,,,
,,,,,,,FALSE,FALSE,FALSE,,,,,,,,,,,,,,,,,,,,,,,,,,,,,,,,
,,,,,,,FALSE,FALSE,FALSE,,,,,,,,,,,,,,,,,,,,,,,,,,,,,,,,
,,,,,,,FALSE,FALSE,FALSE,,,,,,,,,,,,,,,,,,,,,,,,,,,,,,,,
,,,,,,,FALSE,FALSE,FALSE,,,,,,,,,,,,,,,,,,,,,,,,,,,,,,,,
,,,,,,,FALSE,FALSE,FALSE,,,,,,,,,,,,,,,,,,,,,,,,,,,,,,,,
,,,,,,,FALSE,FALSE,FALSE,,,,,,,,,,,,,,,,,,,,,,,,,,,,,,,,
,,,,,,,FALSE,FALSE,FALSE,,,,,,,,,,,,,,,,,,,,,,,,,,,,,,,,
,,,,,,,FALSE,FALSE,FALSE,,,,,,,,,,,,,,,,,,,,,,,,,,,,,,,,
,,,,,,,FALSE,FALSE,FALSE,,,,,,,,,,,,,,,,,,,,,,,,,,,,,,,,
,,,,,,,FALSE,FALSE,FALSE,,,,,,,,,,,,,,,,,,,,,,,,,,,,,,,,
,,,,,,,FALSE,FALSE,FALSE,,,,,,,,,,,,,,,,,,,,,,,,,,,,,,,,
,,,,,,,FALSE,FALSE,FALSE,,,,,,,,,,,,,,,,,,,,,,,,,,,,,,,,
,,,,,,,FALSE,FALSE,FALSE,,,,,,,,,,,,,,,,,,,,,,,,,,,,,,,,
,,,,,,,FALSE,FALSE,FALSE,,,,,,,,,,,,,,,,,,,,,,,,,,,,,,,,
,,,,,,,FALSE,FALSE,FALSE,,,,,,,,,,,,,,,,,,,,,,,,,,,,,,,,
,,,,,,,FALSE,FALSE,FALSE,,,,,,,,,,,,,,,,,,,,,,,,,,,,,,,,
,,,,,,,FALSE,FALSE,FALSE,,,,,,,,,,,,,,,,,,,,,,,,,,,,,,,,
,,,,,,,FALSE,FALSE,FALSE,,,,,,,,,,,,,,,,,,,,,,,,,,,,,,,,
,,,,,,,FALSE,FALSE,FALSE,,,,,,,,,,,,,,,,,,,,,,,,,,,,,,,,
,,,,,,,FALSE,FALSE,FALSE,,,,,,,,,,,,,,,,,,,,,,,,,,,,,,,,
,,,,,,,FALSE,FALSE,FALSE,,,,,,,,,,,,,,,,,,,,,,,,,,,,,,,,
,,,,,,,FALSE,FALSE,FALSE,,,,,,,,,,,,,,,,,,,,,,,,,,,,,,,,
,,,,,,,FALSE,FALSE,FALSE,,,,,,,,,,,,,,,,,,,,,,,,,,,,,,,,
,,,,,,,FALSE,FALSE,FALSE,,,,,,,,,,,,,,,,,,,,,,,,,,,,,,,,
,,,,,,,FALSE,FALSE,FALSE,,,,,,,,,,,,,,,,,,,,,,,,,,,,,,,,
,,,,,,,FALSE,FALSE,FALSE,,,,,,,,,,,,,,,,,,,,,,,,,,,,,,,,
,,,,,,,FALSE,FALSE,FALSE,,,,,,,,,,,,,,,,,,,,,,,,,,,,,,,,
,,,,,,,FALSE,FALSE,FALSE,,,,,,,,,,,,,,,,,,,,,,,,,,,,,,,,
,,,,,,,FALSE,FALSE,FALSE,,,,,,,,,,,,,,,,,,,,,,,,,,,,,,,,
,,,,,,,FALSE,FALSE,FALSE,,,,,,,,,,,,,,,,,,,,,,,,,,,,,,,,
,,,,,,,FALSE,FALSE,FALSE,,,,,,,,,,,,,,,,,,,,,,,,,,,,,,,,
,,,,,,,FALSE,FALSE,FALSE,,,,,,,,,,,,,,,,,,,,,,,,,,,,,,,,
,,,,,,,FALSE,FALSE,FALSE,,,,,,,,,,,,,,,,,,,,,,,,,,,,,,,,
,,,,,,,FALSE,FALSE,FALSE,,,,,,,,,,,,,,,,,,,,,,,,,,,,,,,,
,,,,,,,FALSE,FALSE,FALSE,,,,,,,,,,,,,,,,,,,,,,,,,,,,,,,,
,,,,,,,FALSE,FALSE,FALSE,,,,,,,,,,,,,,,,,,,,,,,,,,,,,,,,
,,,,,,,FALSE,FALSE,FALSE,,,,,,,,,,,,,,,,,,,,,,,,,,,,,,,,
,,,,,,,FALSE,FALSE,FALSE,,,,,,,,,,,,,,,,,,,,,,,,,,,,,,,,
,,,,,,,FALSE,FALSE,FALSE,,,,,,,,,,,,,,,,,,,,,,,,,,,,,,,,
,,,,,,,FALSE,FALSE,FALSE,,,,,,,,,,,,,,,,,,,,,,,,,,,,,,,,
,,,,,,,FALSE,FALSE,FALSE,,,,,,,,,,,,,,,,,,,,,,,,,,,,,,,,
,,,,,,,FALSE,FALSE,FALSE,,,,,,,,,,,,,,,,,,,,,,,,,,,,,,,,
,,,,,,,FALSE,FALSE,FALSE,,,,,,,,,,,,,,,,,,,,,,,,,,,,,,,,
,,,,,,,FALSE,FALSE,FALSE,,,,,,,,,,,,,,,,,,,,,,,,,,,,,,,,
,,,,,,,FALSE,FALSE,FALSE,,,,,,,,,,,,,,,,,,,,,,,,,,,,,,,,
,,,,,,,FALSE,FALSE,FALSE,,,,,,,,,,,,,,,,,,,,,,,,,,,,,,,,
,,,,,,,FALSE,FALSE,FALSE,,,,,,,,,,,,,,,,,,,,,,,,,,,,,,,,
,,,,,,,FALSE,FALSE,FALSE,,,,,,,,,,,,,,,,,,,,,,,,,,,,,,,,
,,,,,,,FALSE,FALSE,FALSE,,,,,,,,,,,,,,,,,,,,,,,,,,,,,,,,
,,,,,,,FALSE,FALSE,FALSE,,,,,,,,,,,,,,,,,,,,,,,,,,,,,,,,
,,,,,,,FALSE,FALSE,FALSE,,,,,,,,,,,,,,,,,,,,,,,,,,,,,,,,
,,,,,,,FALSE,FALSE,FALSE,,,,,,,,,,,,,,,,,,,,,,,,,,,,,,,,
,,,,,,,FALSE,FALSE,FALSE,,,,,,,,,,,,,,,,,,,,,,,,,,,,,,,,
,,,,,,,FALSE,FALSE,FALSE,,,,,,,,,,,,,,,,,,,,,,,,,,,,,,,,
,,,,,,,FALSE,FALSE,FALSE,,,,,,,,,,,,,,,,,,,,,,,,,,,,,,,,
,,,,,,,FALSE,FALSE,FALSE,,,,,,,,,,,,,,,,,,,,,,,,,,,,,,,,
,,,,,,,FALSE,FALSE,FALSE,,,,,,,,,,,,,,,,,,,,,,,,,,,,,,,,
,,,,,,,FALSE,FALSE,FALSE,,,,,,,,,,,,,,,,,,,,,,,,,,,,,,,,
,,,,,,,FALSE,FALSE,FALSE,,,,,,,,,,,,,,,,,,,,,,,,,,,,,,,,
,,,,,,,FALSE,FALSE,FALSE,,,,,,,,,,,,,,,,,,,,,,,,,,,,,,,,
,,,,,,,FALSE,FALSE,FALSE,,,,,,,,,,,,,,,,,,,,,,,,,,,,,,,,
,,,,,,,FALSE,FALSE,FALSE,,,,,,,,,,,,,,,,,,,,,,,,,,,,,,,,
,,,,,,,FALSE,FALSE,FALSE,,,,,,,,,,,,,,,,,,,,,,,,,,,,,,,,
,,,,,,,FALSE,FALSE,FALSE,,,,,,,,,,,,,,,,,,,,,,,,,,,,,,,,
,,,,,,,FALSE,FALSE,FALSE,,,,,,,,,,,,,,,,,,,,,,,,,,,,,,,,
,,,,,,,FALSE,FALSE,FALSE,,,,,,,,,,,,,,,,,,,,,,,,,,,,,,,,
,,,,,,,FALSE,FALSE,FALSE,,,,,,,,,,,,,,,,,,,,,,,,,,,,,,,,
,,,,,,,FALSE,FALSE,FALSE,,,,,,,,,,,,,,,,,,,,,,,,,,,,,,,,
,,,,,,,FALSE,FALSE,FALSE,,,,,,,,,,,,,,,,,,,,,,,,,,,,,,,,
,,,,,,,FALSE,FALSE,FALSE,,,,,,,,,,,,,,,,,,,,,,,,,,,,,,,,
,,,,,,,FALSE,FALSE,FALSE,,,,,,,,,,,,,,,,,,,,,,,,,,,,,,,,
,,,,,,,FALSE,FALSE,FALSE,,,,,,,,,,,,,,,,,,,,,,,,,,,,,,,,
,,,,,,,FALSE,FALSE,FALSE,,,,,,,,,,,,,,,,,,,,,,,,,,,,,,,,
,,,,,,,FALSE,FALSE,FALSE,,,,,,,,,,,,,,,,,,,,,,,,,,,,,,,,
,,,,,,,FALSE,FALSE,FALSE,,,,,,,,,,,,,,,,,,,,,,,,,,,,,,,,
,,,,,,,FALSE,FALSE,FALSE,,,,,,,,,,,,,,,,,,,,,,,,,,,,,,,,
,,,,,,,FALSE,FALSE,FALSE,,,,,,,,,,,,,,,,,,,,,,,,,,,,,,,,
,,,,,,,FALSE,FALSE,FALSE,,,,,,,,,,,,,,,,,,,,,,,,,,,,,,,,
,,,,,,,FALSE,FALSE,FALSE,,,,,,,,,,,,,,,,,,,,,,,,,,,,,,,,
,,,,,,,FALSE,FALSE,FALSE,,,,,,,,,,,,,,,,,,,,,,,,,,,,,,,,
,,,,,,,FALSE,FALSE,FALSE,,,,,,,,,,,,,,,,,,,,,,,,,,,,,,,,
,,,,,,,FALSE,FALSE,FALSE,,,,,,,,,,,,,,,,,,,,,,,,,,,,,,,,
,,,,,,,FALSE,FALSE,FALSE,,,,,,,,,,,,,,,,,,,,,,,,,,,,,,,,
,,,,,,,FALSE,FALSE,FALSE,,,,,,,,,,,,,,,,,,,,,,,,,,,,,,,,
,,,,,,,FALSE,FALSE,FALSE,,,,,,,,,,,,,,,,,,,,,,,,,,,,,,,,
,,,,,,,FALSE,FALSE,FALSE,,,,,,,,,,,,,,,,,,,,,,,,,,,,,,,,
,,,,,,,FALSE,FALSE,FALSE,,,,,,,,,,,,,,,,,,,,,,,,,,,,,,,,
,,,,,,,FALSE,FALSE,FALSE,,,,,,,,,,,,,,,,,,,,,,,,,,,,,,,,
,,,,,,,FALSE,FALSE,FALSE,,,,,,,,,,,,,,,,,,,,,,,,,,,,,,,,
,,,,,,,FALSE,FALSE,FALSE,,,,,,,,,,,,,,,,,,,,,,,,,,,,,,,,
,,,,,,,FALSE,FALSE,FALSE,,,,,,,,,,,,,,,,,,,,,,,,,,,,,,,,
,,,,,,,FALSE,FALSE,FALSE,,,,,,,,,,,,,,,,,,,,,,,,,,,,,,,,
,,,,,,,FALSE,FALSE,FALSE,,,,,,,,,,,,,,,,,,,,,,,,,,,,,,,,
,,,,,,,FALSE,FALSE,FALSE,,,,,,,,,,,,,,,,,,,,,,,,,,,,,,,,
,,,,,,,FALSE,FALSE,FALSE,,,,,,,,,,,,,,,,,,,,,,,,,,,,,,,,
,,,,,,,FALSE,FALSE,FALSE,,,,,,,,,,,,,,,,,,,,,,,,,,,,,,,,
,,,,,,,FALSE,FALSE,FALSE,,,,,,,,,,,,,,,,,,,,,,,,,,,,,,,,
,,,,,,,FALSE,FALSE,FALSE,,,,,,,,,,,,,,,,,,,,,,,,,,,,,,,,
,,,,,,,FALSE,FALSE,FALSE,,,,,,,,,,,,,,,,,,,,,,,,,,,,,,,,
,,,,,,,FALSE,FALSE,FALSE,,,,,,,,,,,,,,,,,,,,,,,,,,,,,,,,
,,,,,,,FALSE,FALSE,FALSE,,,,,,,,,,,,,,,,,,,,,,,,,,,,,,,,
,,,,,,,FALSE,FALSE,FALSE,,,,,,,,,,,,,,,,,,,,,,,,,,,,,,,,
,,,,,,,FALSE,FALSE,FALSE,,,,,,,,,,,,,,,,,,,,,,,,,,,,,,,,
,,,,,,,FALSE,FALSE,FALSE,,,,,,,,,,,,,,,,,,,,,,,,,,,,,,,,
,,,,,,,FALSE,FALSE,FALSE,,,,,,,,,,,,,,,,,,,,,,,,,,,,,,,,
,,,,,,,FALSE,FALSE,FALSE,,,,,,,,,,,,,,,,,,,,,,,,,,,,,,,,
,,,,,,,FALSE,FALSE,FALSE,,,,,,,,,,,,,,,,,,,,,,,,,,,,,,,,
,,,,,,,FALSE,FALSE,FALSE,,,,,,,,,,,,,,,,,,,,,,,,,,,,,,,,
,,,,,,,FALSE,FALSE,FALSE,,,,,,,,,,,,,,,,,,,,,,,,,,,,,,,,
,,,,,,,FALSE,FALSE,FALSE,,,,,,,,,,,,,,,,,,,,,,,,,,,,,,,,
,,,,,,,FALSE,FALSE,FALSE,,,,,,,,,,,,,,,,,,,,,,,,,,,,,,,,
,,,,,,,FALSE,FALSE,FALSE,,,,,,,,,,,,,,,,,,,,,,,,,,,,,,,,
,,,,,,,FALSE,FALSE,FALSE,,,,,,,,,,,,,,,,,,,,,,,,,,,,,,,,
,,,,,,,FALSE,FALSE,FALSE,,,,,,,,,,,,,,,,,,,,,,,,,,,,,,,,
,,,,,,,FALSE,FALSE,FALSE,,,,,,,,,,,,,,,,,,,,,,,,,,,,,,,,
,,,,,,,FALSE,FALSE,FALSE,,,,,,,,,,,,,,,,,,,,,,,,,,,,,,,,
,,,,,,,FALSE,FALSE,FALSE,,,,,,,,,,,,,,,,,,,,,,,,,,,,,,,,
,,,,,,,FALSE,FALSE,FALSE,,,,,,,,,,,,,,,,,,,,,,,,,,,,,,,,
,,,,,,,FALSE,FALSE,FALSE,,,,,,,,,,,,,,,,,,,,,,,,,,,,,,,,
,,,,,,,FALSE,FALSE,FALSE,,,,,,,,,,,,,,,,,,,,,,,,,,,,,,,,
,,,,,,,FALSE,FALSE,FALSE,,,,,,,,,,,,,,,,,,,,,,,,,,,,,,,,
,,,,,,,FALSE,FALSE,FALSE,,,,,,,,,,,,,,,,,,,,,,,,,,,,,,,,
,,,,,,,FALSE,FALSE,FALSE,,,,,,,,,,,,,,,,,,,,,,,,,,,,,,,,
,,,,,,,FALSE,FALSE,FALSE,,,,,,,,,,,,,,,,,,,,,,,,,,,,,,,,
,,,,,,,FALSE,FALSE,FALSE,,,,,,,,,,,,,,,,,,,,,,,,,,,,,,,,
,,,,,,,FALSE,FALSE,FALSE,,,,,,,,,,,,,,,,,,,,,,,,,,,,,,,,
,,,,,,,FALSE,FALSE,FALSE,,,,,,,,,,,,,,,,,,,,,,,,,,,,,,,,
,,,,,,,FALSE,FALSE,FALSE,,,,,,,,,,,,,,,,,,,,,,,,,,,,,,,,
,,,,,,,FALSE,FALSE,FALSE,,,,,,,,,,,,,,,,,,,,,,,,,,,,,,,,
,,,,,,,FALSE,FALSE,FALSE,,,,,,,,,,,,,,,,,,,,,,,,,,,,,,,,
,,,,,,,FALSE,FALSE,FALSE,,,,,,,,,,,,,,,,,,,,,,,,,,,,,,,,
,,,,,,,FALSE,FALSE,FALSE,,,,,,,,,,,,,,,,,,,,,,,,,,,,,,,,
,,,,,,,FALSE,FALSE,FALSE,,,,,,,,,,,,,,,,,,,,,,,,,,,,,,,,
,,,,,,,FALSE,FALSE,FALSE,,,,,,,,,,,,,,,,,,,,,,,,,,,,,,,,
,,,,,,,FALSE,FALSE,FALSE,,,,,,,,,,,,,,,,,,,,,,,,,,,,,,,,
,,,,,,,FALSE,FALSE,FALSE,,,,,,,,,,,,,,,,,,,,,,,,,,,,,,,,
,,,,,,,FALSE,FALSE,FALSE,,,,,,,,,,,,,,,,,,,,,,,,,,,,,,,,
,,,,,,,FALSE,FALSE,FALSE,,,,,,,,,,,,,,,,,,,,,,,,,,,,,,,,
,,,,,,,FALSE,FALSE,FALSE,,,,,,,,,,,,,,,,,,,,,,,,,,,,,,,,
,,,,,,,FALSE,FALSE,FALSE,,,,,,,,,,,,,,,,,,,,,,,,,,,,,,,,
,,,,,,,FALSE,FALSE,FALSE,,,,,,,,,,,,,,,,,,,,,,,,,,,,,,,,
,,,,,,,FALSE,FALSE,FALSE,,,,,,,,,,,,,,,,,,,,,,,,,,,,,,,,
,,,,,,,FALSE,FALSE,FALSE,,,,,,,,,,,,,,,,,,,,,,,,,,,,,,,,
,,,,,,,FALSE,FALSE,FALSE,,,,,,,,,,,,,,,,,,,,,,,,,,,,,,,,
,,,,,,,FALSE,FALSE,FALSE,,,,,,,,,,,,,,,,,,,,,,,,,,,,,,,,
,,,,,,,FALSE,FALSE,FALSE,,,,,,,,,,,,,,,,,,,,,,,,,,,,,,,,
,,,,,,,FALSE,FALSE,FALSE,,,,,,,,,,,,,,,,,,,,,,,,,,,,,,,,
,,,,,,,FALSE,FALSE,FALSE,,,,,,,,,,,,,,,,,,,,,,,,,,,,,,,,
,,,,,,,FALSE,FALSE,FALSE,,,,,,,,,,,,,,,,,,,,,,,,,,,,,,,,
,,,,,,,FALSE,FALSE,FALSE,,,,,,,,,,,,,,,,,,,,,,,,,,,,,,,,
,,,,,,,FALSE,FALSE,FALSE,,,,,,,,,,,,,,,,,,,,,,,,,,,,,,,,
,,,,,,,FALSE,FALSE,FALSE,,,,,,,,,,,,,,,,,,,,,,,,,,,,,,,,
,,,,,,,FALSE,FALSE,FALSE,,,,,,,,,,,,,,,,,,,,,,,,,,,,,,,,
,,,,,,,FALSE,FALSE,FALSE,,,,,,,,,,,,,,,,,,,,,,,,,,,,,,,,
,,,,,,,FALSE,FALSE,FALSE,,,,,,,,,,,,,,,,,,,,,,,,,,,,,,,,
,,,,,,,FALSE,FALSE,FALSE,,,,,,,,,,,,,,,,,,,,,,,,,,,,,,,,
,,,,,,,FALSE,FALSE,FALSE,,,,,,,,,,,,,,,,,,,,,,,,,,,,,,,,
,,,,,,,FALSE,FALSE,FALSE,,,,,,,,,,,,,,,,,,,,,,,,,,,,,,,,
,,,,,,,FALSE,FALSE,FALSE,,,,,,,,,,,,,,,,,,,,,,,,,,,,,,,,
,,,,,,,FALSE,FALSE,FALSE,,,,,,,,,,,,,,,,,,,,,,,,,,,,,,,,
,,,,,,,FALSE,FALSE,FALSE,,,,,,,,,,,,,,,,,,,,,,,,,,,,,,,,
,,,,,,,FALSE,FALSE,FALSE,,,,,,,,,,,,,,,,,,,,,,,,,,,,,,,,
,,,,,,,FALSE,FALSE,FALSE,,,,,,,,,,,,,,,,,,,,,,,,,,,,,,,,
,,,,,,,FALSE,FALSE,FALSE,,,,,,,,,,,,,,,,,,,,,,,,,,,,,,,,
,,,,,,,FALSE,FALSE,FALSE,,,,,,,,,,,,,,,,,,,,,,,,,,,,,,,,
,,,,,,,FALSE,FALSE,FALSE,,,,,,,,,,,,,,,,,,,,,,,,,,,,,,,,
,,,,,,,FALSE,FALSE,FALSE,,,,,,,,,,,,,,,,,,,,,,,,,,,,,,,,
,,,,,,,FALSE,FALSE,FALSE,,,,,,,,,,,,,,,,,,,,,,,,,,,,,,,,
,,,,,,,FALSE,FALSE,FALSE,,,,,,,,,,,,,,,,,,,,,,,,,,,,,,,,
,,,,,,,FALSE,FALSE,FALSE,,,,,,,,,,,,,,,,,,,,,,,,,,,,,,,,
,,,,,,,FALSE,FALSE,FALSE,,,,,,,,,,,,,,,,,,,,,,,,,,,,,,,,
,,,,,,,FALSE,FALSE,FALSE,,,,,,,,,,,,,,,,,,,,,,,,,,,,,,,,
,,,,,,,FALSE,FALSE,FALSE,,,,,,,,,,,,,,,,,,,,,,,,,,,,,,,,
,,,,,,,FALSE,FALSE,FALSE,,,,,,,,,,,,,,,,,,,,,,,,,,,,,,,,
,,,,,,,FALSE,FALSE,FALSE,,,,,,,,,,,,,,,,,,,,,,,,,,,,,,,,
,,,,,,,FALSE,FALSE,FALSE,,,,,,,,,,,,,,,,,,,,,,,,,,,,,,,,
,,,,,,,FALSE,FALSE,FALSE,,,,,,,,,,,,,,,,,,,,,,,,,,,,,,,,
,,,,,,,FALSE,FALSE,FALSE,,,,,,,,,,,,,,,,,,,,,,,,,,,,,,,,
,,,,,,,FALSE,FALSE,FALSE,,,,,,,,,,,,,,,,,,,,,,,,,,,,,,,,
,,,,,,,FALSE,FALSE,FALSE,,,,,,,,,,,,,,,,,,,,,,,,,,,,,,,,
,,,,,,,FALSE,FALSE,FALSE,,,,,,,,,,,,,,,,,,,,,,,,,,,,,,,,
,,,,,,,FALSE,FALSE,FALSE,,,,,,,,,,,,,,,,,,,,,,,,,,,,,,,,
,,,,,,,FALSE,FALSE,FALSE,,,,,,,,,,,,,,,,,,,,,,,,,,,,,,,,
,,,,,,,FALSE,FALSE,FALSE,,,,,,,,,,,,,,,,,,,,,,,,,,,,,,,,
,,,,,,,FALSE,FALSE,FALSE,,,,,,,,,,,,,,,,,,,,,,,,,,,,,,,,
,,,,,,,FALSE,FALSE,FALSE,,,,,,,,,,,,,,,,,,,,,,,,,,,,,,,,
,,,,,,,FALSE,FALSE,FALSE,,,,,,,,,,,,,,,,,,,,,,,,,,,,,,,,
,,,,,,,FALSE,FALSE,FALSE,,,,,,,,,,,,,,,,,,,,,,,,,,,,,,,,
,,,,,,,FALSE,FALSE,FALSE,,,,,,,,,,,,,,,,,,,,,,,,,,,,,,,,
,,,,,,,FALSE,FALSE,FALSE,,,,,,,,,,,,,,,,,,,,,,,,,,,,,,,,
,,,,,,,FALSE,FALSE,FALSE,,,,,,,,,,,,,,,,,,,,,,,,,,,,,,,,
,,,,,,,FALSE,FALSE,FALSE,,,,,,,,,,,,,,,,,,,,,,,,,,,,,,,,
,,,,,,,FALSE,FALSE,FALSE,,,,,,,,,,,,,,,,,,,,,,,,,,,,,,,,
,,,,,,,FALSE,FALSE,FALSE,,,,,,,,,,,,,,,,,,,,,,,,,,,,,,,,
,,,,,,,FALSE,FALSE,FALSE,,,,,,,,,,,,,,,,,,,,,,,,,,,,,,,,
,,,,,,,FALSE,FALSE,FALSE,,,,,,,,,,,,,,,,,,,,,,,,,,,,,,,,
,,,,,,,FALSE,FALSE,FALSE,,,,,,,,,,,,,,,,,,,,,,,,,,,,,,,,
,,,,,,,FALSE,FALSE,FALSE,,,,,,,,,,,,,,,,,,,,,,,,,,,,,,,,
,,,,,,,FALSE,FALSE,FALSE,,,,,,,,,,,,,,,,,,,,,,,,,,,,,,,,
,,,,,,,FALSE,FALSE,FALSE,,,,,,,,,,,,,,,,,,,,,,,,,,,,,,,,
,,,,,,,FALSE,FALSE,FALSE,,,,,,,,,,,,,,,,,,,,,,,,,,,,,,,,
,,,,,,,FALSE,FALSE,FALSE,,,,,,,,,,,,,,,,,,,,,,,,,,,,,,,,
,,,,,,,FALSE,FALSE,FALSE,,,,,,,,,,,,,,,,,,,,,,,,,,,,,,,,
,,,,,,,FALSE,FALSE,FALSE,,,,,,,,,,,,,,,,,,,,,,,,,,,,,,,,
,,,,,,,FALSE,FALSE,FALSE,,,,,,,,,,,,,,,,,,,,,,,,,,,,,,,,
,,,,,,,FALSE,FALSE,FALSE,,,,,,,,,,,,,,,,,,,,,,,,,,,,,,,,
,,,,,,,FALSE,FALSE,FALSE,,,,,,,,,,,,,,,,,,,,,,,,,,,,,,,,
,,,,,,,FALSE,FALSE,FALSE,,,,,,,,,,,,,,,,,,,,,,,,,,,,,,,,
,,,,,,,FALSE,FALSE,FALSE,,,,,,,,,,,,,,,,,,,,,,,,,,,,,,,,
,,,,,,,FALSE,FALSE,FALSE,,,,,,,,,,,,,,,,,,,,,,,,,,,,,,,,
,,,,,,,FALSE,FALSE,FALSE,,,,,,,,,,,,,,,,,,,,,,,,,,,,,,,,
,,,,,,,FALSE,FALSE,FALSE,,,,,,,,,,,,,,,,,,,,,,,,,,,,,,,,
,,,,,,,FALSE,FALSE,FALSE,,,,,,,,,,,,,,,,,,,,,,,,,,,,,,,,
,,,,,,,FALSE,FALSE,FALSE,,,,,,,,,,,,,,,,,,,,,,,,,,,,,,,,
,,,,,,,FALSE,FALSE,FALSE,,,,,,,,,,,,,,,,,,,,,,,,,,,,,,,,
,,,,,,,FALSE,FALSE,FALSE,,,,,,,,,,,,,,,,,,,,,,,,,,,,,,,,
,,,,,,,FALSE,FALSE,FALSE,,,,,,,,,,,,,,,,,,,,,,,,,,,,,,,,
,,,,,,,FALSE,FALSE,FALSE,,,,,,,,,,,,,,,,,,,,,,,,,,,,,,,,
,,,,,,,FALSE,FALSE,FALSE,,,,,,,,,,,,,,,,,,,,,,,,,,,,,,,,
,,,,,,,FALSE,FALSE,FALSE,,,,,,,,,,,,,,,,,,,,,,,,,,,,,,,,
,,,,,,,FALSE,FALSE,FALSE,,,,,,,,,,,,,,,,,,,,,,,,,,,,,,,,
,,,,,,,FALSE,FALSE,FALSE,,,,,,,,,,,,,,,,,,,,,,,,,,,,,,,,
,,,,,,,FALSE,FALSE,FALSE,,,,,,,,,,,,,,,,,,,,,,,,,,,,,,,,
,,,,,,,FALSE,FALSE,FALSE,,,,,,,,,,,,,,,,,,,,,,,,,,,,,,,,
,,,,,,,FALSE,FALSE,FALSE,,,,,,,,,,,,,,,,,,,,,,,,,,,,,,,,
,,,,,,,FALSE,FALSE,FALSE,,,,,,,,,,,,,,,,,,,,,,,,,,,,,,,,
,,,,,,,FALSE,FALSE,FALSE,,,,,,,,,,,,,,,,,,,,,,,,,,,,,,,,
,,,,,,,FALSE,FALSE,FALSE,,,,,,,,,,,,,,,,,,,,,,,,,,,,,,,,
,,,,,,,FALSE,FALSE,FALSE,,,,,,,,,,,,,,,,,,,,,,,,,,,,,,,,
,,,,,,,FALSE,FALSE,FALSE,,,,,,,,,,,,,,,,,,,,,,,,,,,,,,,,
,,,,,,,FALSE,FALSE,FALSE,,,,,,,,,,,,,,,,,,,,,,,,,,,,,,,,
,,,,,,,FALSE,FALSE,FALSE,,,,,,,,,,,,,,,,,,,,,,,,,,,,,,,,
,,,,,,,FALSE,FALSE,FALSE,,,,,,,,,,,,,,,,,,,,,,,,,,,,,,,,
,,,,,,,FALSE,FALSE,FALSE,,,,,,,,,,,,,,,,,,,,,,,,,,,,,,,,
,,,,,,,FALSE,FALSE,FALSE,,,,,,,,,,,,,,,,,,,,,,,,,,,,,,,,
,,,,,,,FALSE,FALSE,FALSE,,,,,,,,,,,,,,,,,,,,,,,,,,,,,,,,
,,,,,,,FALSE,FALSE,FALSE,,,,,,,,,,,,,,,,,,,,,,,,,,,,,,,,
,,,,,,,FALSE,FALSE,FALSE,,,,,,,,,,,,,,,,,,,,,,,,,,,,,,,,
,,,,,,,FALSE,FALSE,FALSE,,,,,,,,,,,,,,,,,,,,,,,,,,,,,,,,
,,,,,,,FALSE,FALSE,FALSE,,,,,,,,,,,,,,,,,,,,,,,,,,,,,,,,
,,,,,,,FALSE,FALSE,FALSE,,,,,,,,,,,,,,,,,,,,,,,,,,,,,,,,
,,,,,,,FALSE,FALSE,FALSE,,,,,,,,,,,,,,,,,,,,,,,,,,,,,,,,
,,,,,,,FALSE,FALSE,FALSE,,,,,,,,,,,,,,,,,,,,,,,,,,,,,,,,
,,,,,,,FALSE,FALSE,FALSE,,,,,,,,,,,,,,,,,,,,,,,,,,,,,,,,
,,,,,,,FALSE,FALSE,FALSE,,,,,,,,,,,,,,,,,,,,,,,,,,,,,,,,
,,,,,,,FALSE,FALSE,FALSE,,,,,,,,,,,,,,,,,,,,,,,,,,,,,,,,
,,,,,,,FALSE,FALSE,FALSE,,,,,,,,,,,,,,,,,,,,,,,,,,,,,,,,
,,,,,,,FALSE,FALSE,FALSE,,,,,,,,,,,,,,,,,,,,,,,,,,,,,,,,
,,,,,,,FALSE,FALSE,FALSE,,,,,,,,,,,,,,,,,,,,,,,,,,,,,,,,
,,,,,,,FALSE,FALSE,FALSE,,,,,,,,,,,,,,,,,,,,,,,,,,,,,,,,
,,,,,,,FALSE,FALSE,FALSE,,,,,,,,,,,,,,,,,,,,,,,,,,,,,,,,
,,,,,,,FALSE,FALSE,FALSE,,,,,,,,,,,,,,,,,,,,,,,,,,,,,,,,
,,,,,,,FALSE,FALSE,FALSE,,,,,,,,,,,,,,,,,,,,,,,,,,,,,,,,
,,,,,,,FALSE,FALSE,FALSE,,,,,,,,,,,,,,,,,,,,,,,,,,,,,,,,
,,,,,,,FALSE,FALSE,FALSE,,,,,,,,,,,,,,,,,,,,,,,,,,,,,,,,
,,,,,,,FALSE,FALSE,FALSE,,,,,,,,,,,,,,,,,,,,,,,,,,,,,,,,
,,,,,,,FALSE,FALSE,FALSE,,,,,,,,,,,,,,,,,,,,,,,,,,,,,,,,
,,,,,,,FALSE,FALSE,FALSE,,,,,,,,,,,,,,,,,,,,,,,,,,,,,,,,
,,,,,,,FALSE,FALSE,FALSE,,,,,,,,,,,,,,,,,,,,,,,,,,,,,,,,
,,,,,,,FALSE,FALSE,FALSE,,,,,,,,,,,,,,,,,,,,,,,,,,,,,,,,
,,,,,,,FALSE,FALSE,FALSE,,,,,,,,,,,,,,,,,,,,,,,,,,,,,,,,
,,,,,,,FALSE,FALSE,FALSE,,,,,,,,,,,,,,,,,,,,,,,,,,,,,,,,
,,,,,,,FALSE,FALSE,FALSE,,,,,,,,,,,,,,,,,,,,,,,,,,,,,,,,
,,,,,,,FALSE,FALSE,FALSE,,,,,,,,,,,,,,,,,,,,,,,,,,,,,,,,
,,,,,,,FALSE,FALSE,FALSE,,,,,,,,,,,,,,,,,,,,,,,,,,,,,,,,
,,,,,,,FALSE,FALSE,FALSE,,,,,,,,,,,,,,,,,,,,,,,,,,,,,,,,
,,,,,,,FALSE,FALSE,FALSE,,,,,,,,,,,,,,,,,,,,,,,,,,,,,,,,
,,,,,,,FALSE,FALSE,FALSE,,,,,,,,,,,,,,,,,,,,,,,,,,,,,,,,
,,,,,,,FALSE,FALSE,FALSE,,,,,,,,,,,,,,,,,,,,,,,,,,,,,,,,
,,,,,,,FALSE,FALSE,FALSE,,,,,,,,,,,,,,,,,,,,,,,,,,,,,,,,
,,,,,,,FALSE,FALSE,FALSE,,,,,,,,,,,,,,,,,,,,,,,,,,,,,,,,
,,,,,,,FALSE,FALSE,FALSE,,,,,,,,,,,,,,,,,,,,,,,,,,,,,,,,
,,,,,,,FALSE,FALSE,FALSE,,,,,,,,,,,,,,,,,,,,,,,,,,,,,,,,
,,,,,,,FALSE,FALSE,FALSE,,,,,,,,,,,,,,,,,,,,,,,,,,,,,,,,
,,,,,,,FALSE,FALSE,FALSE,,,,,,,,,,,,,,,,,,,,,,,,,,,,,,,,
,,,,,,,FALSE,FALSE,FALSE,,,,,,,,,,,,,,,,,,,,,,,,,,,,,,,,
,,,,,,,FALSE,FALSE,FALSE,,,,,,,,,,,,,,,,,,,,,,,,,,,,,,,,
,,,,,,,FALSE,FALSE,FALSE,,,,,,,,,,,,,,,,,,,,,,,,,,,,,,,,
,,,,,,,FALSE,FALSE,FALSE,,,,,,,,,,,,,,,,,,,,,,,,,,,,,,,,
,,,,,,,FALSE,FALSE,FALSE,,,,,,,,,,,,,,,,,,,,,,,,,,,,,,,,
,,,,,,,FALSE,FALSE,FALSE,,,,,,,,,,,,,,,,,,,,,,,,,,,,,,,,
,,,,,,,FALSE,FALSE,FALSE,,,,,,,,,,,,,,,,,,,,,,,,,,,,,,,,
,,,,,,,FALSE,FALSE,FALSE,,,,,,,,,,,,,,,,,,,,,,,,,,,,,,,,
,,,,,,,FALSE,FALSE,FALSE,,,,,,,,,,,,,,,,,,,,,,,,,,,,,,,,
,,,,,,,FALSE,FALSE,FALSE,,,,,,,,,,,,,,,,,,,,,,,,,,,,,,,,
,,,,,,,FALSE,FALSE,FALSE,,,,,,,,,,,,,,,,,,,,,,,,,,,,,,,,
,,,,,,,FALSE,FALSE,FALSE,,,,,,,,,,,,,,,,,,,,,,,,,,,,,,,,
,,,,,,,FALSE,FALSE,FALSE,,,,,,,,,,,,,,,,,,,,,,,,,,,,,,,,
,,,,,,,FALSE,FALSE,FALSE,,,,,,,,,,,,,,,,,,,,,,,,,,,,,,,,
,,,,,,,FALSE,FALSE,FALSE,,,,,,,,,,,,,,,,,,,,,,,,,,,,,,,,
,,,,,,,FALSE,FALSE,FALSE,,,,,,,,,,,,,,,,,,,,,,,,,,,,,,,,
,,,,,,,FALSE,FALSE,FALSE,,,,,,,,,,,,,,,,,,,,,,,,,,,,,,,,
,,,,,,,FALSE,FALSE,FALSE,,,,,,,,,,,,,,,,,,,,,,,,,,,,,,,,
,,,,,,,FALSE,FALSE,FALSE,,,,,,,,,,,,,,,,,,,,,,,,,,,,,,,,
,,,,,,,FALSE,FALSE,FALSE,,,,,,,,,,,,,,,,,,,,,,,,,,,,,,,,
,,,,,,,FALSE,FALSE,FALSE,,,,,,,,,,,,,,,,,,,,,,,,,,,,,,,,
,,,,,,,FALSE,FALSE,FALSE,,,,,,,,,,,,,,,,,,,,,,,,,,,,,,,,
,,,,,,,FALSE,FALSE,FALSE,,,,,,,,,,,,,,,,,,,,,,,,,,,,,,,,
,,,,,,,FALSE,FALSE,FALSE,,,,,,,,,,,,,,,,,,,,,,,,,,,,,,,,
,,,,,,,FALSE,FALSE,FALSE,,,,,,,,,,,,,,,,,,,,,,,,,,,,,,,,
,,,,,,,FALSE,FALSE,FALSE,,,,,,,,,,,,,,,,,,,,,,,,,,,,,,,,
,,,,,,,FALSE,FALSE,FALSE,,,,,,,,,,,,,,,,,,,,,,,,,,,,,,,,
,,,,,,,FALSE,FALSE,FALSE,,,,,,,,,,,,,,,,,,,,,,,,,,,,,,,,
,,,,,,,FALSE,FALSE,FALSE,,,,,,,,,,,,,,,,,,,,,,,,,,,,,,,,
,,,,,,,FALSE,FALSE,FALSE,,,,,,,,,,,,,,,,,,,,,,,,,,,,,,,,
,,,,,,,FALSE,FALSE,FALSE,,,,,,,,,,,,,,,,,,,,,,,,,,,,,,,,
,,,,,,,FALSE,FALSE,FALSE,,,,,,,,,,,,,,,,,,,,,,,,,,,,,,,,
,,,,,,,FALSE,FALSE,FALSE,,,,,,,,,,,,,,,,,,,,,,,,,,,,,,,,
,,,,,,,FALSE,FALSE,FALSE,,,,,,,,,,,,,,,,,,,,,,,,,,,,,,,,
,,,,,,,FALSE,FALSE,FALSE,,,,,,,,,,,,,,,,,,,,,,,,,,,,,,,,
,,,,,,,FALSE,FALSE,FALSE,,,,,,,,,,,,,,,,,,,,,,,,,,,,,,,,
,,,,,,,FALSE,FALSE,FALSE,,,,,,,,,,,,,,,,,,,,,,,,,,,,,,,,
,,,,,,,FALSE,FALSE,FALSE,,,,,,,,,,,,,,,,,,,,,,,,,,,,,,,,
,,,,,,,FALSE,FALSE,FALSE,,,,,,,,,,,,,,,,,,,,,,,,,,,,,,,,
,,,,,,,FALSE,FALSE,FALSE,,,,,,,,,,,,,,,,,,,,,,,,,,,,,,,,
,,,,,,,FALSE,FALSE,FALSE,,,,,,,,,,,,,,,,,,,,,,,,,,,,,,,,
,,,,,,,FALSE,FALSE,FALSE,,,,,,,,,,,,,,,,,,,,,,,,,,,,,,,,
,,,,,,,FALSE,FALSE,FALSE,,,,,,,,,,,,,,,,,,,,,,,,,,,,,,,,
,,,,,,,FALSE,FALSE,FALSE,,,,,,,,,,,,,,,,,,,,,,,,,,,,,,,,
,,,,,,,FALSE,FALSE,FALSE,,,,,,,,,,,,,,,,,,,,,,,,,,,,,,,,
,,,,,,,FALSE,FALSE,FALSE,,,,,,,,,,,,,,,,,,,,,,,,,,,,,,,,
,,,,,,,FALSE,FALSE,FALSE,,,,,,,,,,,,,,,,,,,,,,,,,,,,,,,,
,,,,,,,FALSE,FALSE,FALSE,,,,,,,,,,,,,,,,,,,,,,,,,,,,,,,,
,,,,,,,FALSE,FALSE,FALSE,,,,,,,,,,,,,,,,,,,,,,,,,,,,,,,,
,,,,,,,FALSE,FALSE,FALSE,,,,,,,,,,,,,,,,,,,,,,,,,,,,,,,,
,,,,,,,FALSE,FALSE,FALSE,,,,,,,,,,,,,,,,,,,,,,,,,,,,,,,,
,,,,,,,FALSE,FALSE,FALSE,,,,,,,,,,,,,,,,,,,,,,,,,,,,,,,,
,,,,,,,FALSE,FALSE,FALSE,,,,,,,,,,,,,,,,,,,,,,,,,,,,,,,,
,,,,,,,FALSE,FALSE,FALSE,,,,,,,,,,,,,,,,,,,,,,,,,,,,,,,,
,,,,,,,FALSE,FALSE,FALSE,,,,,,,,,,,,,,,,,,,,,,,,,,,,,,,,
,,,,,,,FALSE,FALSE,FALSE,,,,,,,,,,,,,,,,,,,,,,,,,,,,,,,,
,,,,,,,FALSE,FALSE,FALSE,,,,,,,,,,,,,,,,,,,,,,,,,,,,,,,,
,,,,,,,FALSE,FALSE,FALSE,,,,,,,,,,,,,,,,,,,,,,,,,,,,,,,,
,,,,,,,FALSE,FALSE,FALSE,,,,,,,,,,,,,,,,,,,,,,,,,,,,,,,,
,,,,,,,FALSE,FALSE,FALSE,,,,,,,,,,,,,,,,,,,,,,,,,,,,,,,,
,,,,,,,FALSE,FALSE,FALSE,,,,,,,,,,,,,,,,,,,,,,,,,,,,,,,,
,,,,,,,FALSE,FALSE,FALSE,,,,,,,,,,,,,,,,,,,,,,,,,,,,,,,,
,,,,,,,FALSE,FALSE,FALSE,,,,,,,,,,,,,,,,,,,,,,,,,,,,,,,,
,,,,,,,FALSE,FALSE,FALSE,,,,,,,,,,,,,,,,,,,,,,,,,,,,,,,,
,,,,,,,FALSE,FALSE,FALSE,,,,,,,,,,,,,,,,,,,,,,,,,,,,,,,,
,,,,,,,FALSE,FALSE,FALSE,,,,,,,,,,,,,,,,,,,,,,,,,,,,,,,,
,,,,,,,FALSE,FALSE,FALSE,,,,,,,,,,,,,,,,,,,,,,,,,,,,,,,,
,,,,,,,FALSE,FALSE,FALSE,,,,,,,,,,,,,,,,,,,,,,,,,,,,,,,,
,,,,,,,FALSE,FALSE,FALSE,,,,,,,,,,,,,,,,,,,,,,,,,,,,,,,,
,,,,,,,FALSE,FALSE,FALSE,,,,,,,,,,,,,,,,,,,,,,,,,,,,,,,,
,,,,,,,FALSE,FALSE,FALSE,,,,,,,,,,,,,,,,,,,,,,,,,,,,,,,,
,,,,,,,FALSE,FALSE,FALSE,,,,,,,,,,,,,,,,,,,,,,,,,,,,,,,,
,,,,,,,FALSE,FALSE,FALSE,,,,,,,,,,,,,,,,,,,,,,,,,,,,,,,,
,,,,,,,FALSE,FALSE,FALSE,,,,,,,,,,,,,,,,,,,,,,,,,,,,,,,,
,,,,,,,FALSE,FALSE,FALSE,,,,,,,,,,,,,,,,,,,,,,,,,,,,,,,,
,,,,,,,FALSE,FALSE,FALSE,,,,,,,,,,,,,,,,,,,,,,,,,,,,,,,,
,,,,,,,FALSE,FALSE,FALSE,,,,,,,,,,,,,,,,,,,,,,,,,,,,,,,,
,,,,,,,FALSE,FALSE,FALSE,,,,,,,,,,,,,,,,,,,,,,,,,,,,,,,,
,,,,,,,FALSE,FALSE,FALSE,,,,,,,,,,,,,,,,,,,,,,,,,,,,,,,,
,,,,,,,FALSE,FALSE,FALSE,,,,,,,,,,,,,,,,,,,,,,,,,,,,,,,,
,,,,,,,FALSE,FALSE,FALSE,,,,,,,,,,,,,,,,,,,,,,,,,,,,,,,,
,,,,,,,FALSE,FALSE,FALSE,,,,,,,,,,,,,,,,,,,,,,,,,,,,,,,,
,,,,,,,FALSE,FALSE,FALSE,,,,,,,,,,,,,,,,,,,,,,,,,,,,,,,,
,,,,,,,FALSE,FALSE,FALSE,,,,,,,,,,,,,,,,,,,,,,,,,,,,,,,,
,,,,,,,FALSE,FALSE,FALSE,,,,,,,,,,,,,,,,,,,,,,,,,,,,,,,,
,,,,,,,FALSE,FALSE,FALSE,,,,,,,,,,,,,,,,,,,,,,,,,,,,,,,,
,,,,,,,FALSE,FALSE,FALSE,,,,,,,,,,,,,,,,,,,,,,,,,,,,,,,,
,,,,,,,FALSE,FALSE,FALSE,,,,,,,,,,,,,,,,,,,,,,,,,,,,,,,,
,,,,,,,FALSE,FALSE,FALSE,,,,,,,,,,,,,,,,,,,,,,,,,,,,,,,,
,,,,,,,FALSE,FALSE,FALSE,,,,,,,,,,,,,,,,,,,,,,,,,,,,,,,,
,,,,,,,FALSE,FALSE,FALSE,,,,,,,,,,,,,,,,,,,,,,,,,,,,,,,,
,,,,,,,FALSE,FALSE,FALSE,,,,,,,,,,,,,,,,,,,,,,,,,,,,,,,,
,,,,,,,FALSE,FALSE,FALSE,,,,,,,,,,,,,,,,,,,,,,,,,,,,,,,,
,,,,,,,FALSE,FALSE,FALSE,,,,,,,,,,,,,,,,,,,,,,,,,,,,,,,,
,,,,,,,FALSE,FALSE,FALSE,,,,,,,,,,,,,,,,,,,,,,,,,,,,,,,,
,,,,,,,FALSE,FALSE,FALSE,,,,,,,,,,,,,,,,,,,,,,,,,,,,,,,,
,,,,,,,FALSE,FALSE,FALSE,,,,,,,,,,,,,,,,,,,,,,,,,,,,,,,,
,,,,,,,FALSE,FALSE,FALSE,,,,,,,,,,,,,,,,,,,,,,,,,,,,,,,,
,,,,,,,FALSE,FALSE,FALSE,,,,,,,,,,,,,,,,,,,,,,,,,,,,,,,,
,,,,,,,FALSE,FALSE,FALSE,,,,,,,,,,,,,,,,,,,,,,,,,,,,,,,,
,,,,,,,FALSE,FALSE,FALSE,,,,,,,,,,,,,,,,,,,,,,,,,,,,,,,,
,,,,,,,FALSE,FALSE,FALSE,,,,,,,,,,,,,,,,,,,,,,,,,,,,,,,,
,,,,,,,FALSE,FALSE,FALSE,,,,,,,,,,,,,,,,,,,,,,,,,,,,,,,,
,,,,,,,FALSE,FALSE,FALSE,,,,,,,,,,,,,,,,,,,,,,,,,,,,,,,,
,,,,,,,FALSE,FALSE,FALSE,,,,,,,,,,,,,,,,,,,,,,,,,,,,,,,,
,,,,,,,FALSE,FALSE,FALSE,,,,,,,,,,,,,,,,,,,,,,,,,,,,,,,,
,,,,,,,FALSE,FALSE,FALSE,,,,,,,,,,,,,,,,,,,,,,,,,,,,,,,,
,,,,,,,FALSE,FALSE,FALSE,,,,,,,,,,,,,,,,,,,,,,,,,,,,,,,,
,,,,,,,FALSE,FALSE,FALSE,,,,,,,,,,,,,,,,,,,,,,,,,,,,,,,,
,,,,,,,FALSE,FALSE,FALSE,,,,,,,,,,,,,,,,,,,,,,,,,,,,,,,,
,,,,,,,FALSE,FALSE,FALSE,,,,,,,,,,,,,,,,,,,,,,,,,,,,,,,,
,,,,,,,FALSE,FALSE,FALSE,,,,,,,,,,,,,,,,,,,,,,,,,,,,,,,,
,,,,,,,FALSE,FALSE,FALSE,,,,,,,,,,,,,,,,,,,,,,,,,,,,,,,,
,,,,,,,FALSE,FALSE,FALSE,,,,,,,,,,,,,,,,,,,,,,,,,,,,,,,,
,,,,,,,FALSE,FALSE,FALSE,,,,,,,,,,,,,,,,,,,,,,,,,,,,,,,,
,,,,,,,FALSE,FALSE,FALSE,,,,,,,,,,,,,,,,,,,,,,,,,,,,,,,,
,,,,,,,FALSE,FALSE,FALSE,,,,,,,,,,,,,,,,,,,,,,,,,,,,,,,,
,,,,,,,FALSE,FALSE,FALSE,,,,,,,,,,,,,,,,,,,,,,,,,,,,,,,,
,,,,,,,FALSE,FALSE,FALSE,,,,,,,,,,,,,,,,,,,,,,,,,,,,,,,,
,,,,,,,FALSE,FALSE,FALSE,,,,,,,,,,,,,,,,,,,,,,,,,,,,,,,,
,,,,,,,FALSE,FALSE,FALSE,,,,,,,,,,,,,,,,,,,,,,,,,,,,,,,,
,,,,,,,FALSE,FALSE,FALSE,,,,,,,,,,,,,,,,,,,,,,,,,,,,,,,,
,,,,,,,FALSE,FALSE,FALSE,,,,,,,,,,,,,,,,,,,,,,,,,,,,,,,,
,,,,,,,FALSE,FALSE,FALSE,,,,,,,,,,,,,,,,,,,,,,,,,,,,,,,,
,,,,,,,FALSE,FALSE,FALSE,,,,,,,,,,,,,,,,,,,,,,,,,,,,,,,,
,,,,,,,FALSE,FALSE,FALSE,,,,,,,,,,,,,,,,,,,,,,,,,,,,,,,,
,,,,,,,FALSE,FALSE,FALSE,,,,,,,,,,,,,,,,,,,,,,,,,,,,,,,,
,,,,,,,FALSE,FALSE,FALSE,,,,,,,,,,,,,,,,,,,,,,,,,,,,,,,,
,,,,,,,FALSE,FALSE,FALSE,,,,,,,,,,,,,,,,,,,,,,,,,,,,,,,,
,,,,,,,FALSE,FALSE,FALSE,,,,,,,,,,,,,,,,,,,,,,,,,,,,,,,,
,,,,,,,FALSE,FALSE,FALSE,,,,,,,,,,,,,,,,,,,,,,,,,,,,,,,,
,,,,,,,FALSE,FALSE,FALSE,,,,,,,,,,,,,,,,,,,,,,,,,,,,,,,,
,,,,,,,FALSE,FALSE,FALSE,,,,,,,,,,,,,,,,,,,,,,,,,,,,,,,,
,,,,,,,FALSE,FALSE,FALSE,,,,,,,,,,,,,,,,,,,,,,,,,,,,,,,,
,,,,,,,FALSE,FALSE,FALSE,,,,,,,,,,,,,,,,,,,,,,,,,,,,,,,,
,,,,,,,FALSE,FALSE,FALSE,,,,,,,,,,,,,,,,,,,,,,,,,,,,,,,,
,,,,,,,FALSE,FALSE,FALSE,,,,,,,,,,,,,,,,,,,,,,,,,,,,,,,,
,,,,,,,FALSE,FALSE,FALSE,,,,,,,,,,,,,,,,,,,,,,,,,,,,,,,,
,,,,,,,FALSE,FALSE,FALSE,,,,,,,,,,,,,,,,,,,,,,,,,,,,,,,,
,,,,,,,FALSE,FALSE,FALSE,,,,,,,,,,,,,,,,,,,,,,,,,,,,,,,,
,,,,,,,FALSE,FALSE,FALSE,,,,,,,,,,,,,,,,,,,,,,,,,,,,,,,,
,,,,,,,FALSE,FALSE,FALSE,,,,,,,,,,,,,,,,,,,,,,,,,,,,,,,,
,,,,,,,FALSE,FALSE,FALSE,,,,,,,,,,,,,,,,,,,,,,,,,,,,,,,,
,,,,,,,FALSE,FALSE,FALSE,,,,,,,,,,,,,,,,,,,,,,,,,,,,,,,,
,,,,,,,FALSE,FALSE,FALSE,,,,,,,,,,,,,,,,,,,,,,,,,,,,,,,,
,,,,,,,FALSE,FALSE,FALSE,,,,,,,,,,,,,,,,,,,,,,,,,,,,,,,,
,,,,,,,FALSE,FALSE,FALSE,,,,,,,,,,,,,,,,,,,,,,,,,,,,,,,,
,,,,,,,FALSE,FALSE,FALSE,,,,,,,,,,,,,,,,,,,,,,,,,,,,,,,,